region;value;age
Albacete;2896;0
Alicante/Alacant;13760;0
Almeria;7243;0
Araba/Alava;2601;0
Asturias;5405;0
Avila;962;0
Badajoz;5076;0
Balears Illes;9593;0
Barcelona;44727;0
Bizkaia;7710;0
Burgos;2357;0
Caceres;2511;0
Cadiz;9811;0
Cantabria;3622;0
Castellon/Castello;4393;0
CiudadReal;3594;0
Cordoba;6090;0
CoruaA;6812;0
Cuenca;869;0
Gipuzkoa;5248;0
Girona;6496;0
Granada;7373;0
Guadalajara;2097;0
Huelva;4194;0
Huesca;1568;0
Jaen;4292;0
Leon;2481;0
Lleida;3501;0
Lugo;1853;0
Madrid;55776;0
Malaga;13179;0
Murcia;13761;0
Navarra;5403;0
Ourense;1450;0
Palencia;965;0
PalmasLas;7505;0
Pontevedra;5946;0
Rioja La;2365;0
Salamanca;1991;0
Santa Cruz de Tenerife;6690;0
Segovia;1067;0
Sevilla;15862;0
Soria;610;0
Tarragona;6221;0
Teruel;973;0
Toledo;5572;0
Valencia/Valencia;18802;0
Valladolid;3407;0
Zamora;845;0
Zaragoza;7122;0
Ceuta;862;0
Melilla;1115;0
Albacete;3176;1
Alicante/Alacant;15136;1
Almeria;7617;1
Araba/Alava;2862;1
Asturias;5965;1
Avila;1057;1
Badajoz;5499;1
Balears Illes;10560;1
Barcelona;48845;1
Bizkaia;8344;1
Burgos;2449;1
Caceres;2689;1
Cadiz;10637;1
Cantabria;4035;1
Castellon/Castello;4821;1
CiudadReal;3887;1
Cordoba;6407;1
CoruaA;7600;1
Cuenca;1371;1
Gipuzkoa;5612;1
Girona;7101;1
Granada;7801;1
Guadalajara;2261;1
Huelva;4531;1
Huesca;1752;1
Jaen;4907;1
Leon;2686;1
Lleida;3682;1
Lugo;2050;1
Madrid;59857;1
Malaga;14384;1
Murcia;15050;1
Navarra;5733;1
Ourense;1625;1
Palencia;1032;1
PalmasLas;8192;1
Pontevedra;6554;1
Rioja La;2509;1
Salamanca;2069;1
Santa Cruz de Tenerife;7512;1
Segovia;1087;1
Sevilla;17617;1
Soria;617;1
Tarragona;7029;1
Teruel;964;1
Toledo;6177;1
Valencia/Valencia;20394;1
Valladolid;3680;1
Zamora;892;1
Zaragoza;7802;1
Ceuta;974;1
Melilla;1291;1
Albacete;3368;2
Alicante/Alacant;16140;2
Almeria;7915;2
Araba/Alava;3086;2
Asturias;6370;2
Avila;1147;2
Badajoz;5838;2
Balears Illes;10933;2
Barcelona;51662;2
Bizkaia;8995;2
Burgos;2631;2
Caceres;2852;2
Cadiz;11543;2
Cantabria;4335;2
Castellon/Castello;5189;2
CiudadReal;4192;2
Cordoba;6773;2
CoruaA;8282;2
Cuenca;1497;2
Gipuzkoa;5967;2
Girona;7460;2
Granada;8468;2
Guadalajara;2433;2
Huelva;4813;2
Huesca;1814;2
Jaen;5151;2
Leon;2838;2
Lleida;3937;2
Lugo;2154;2
Madrid;63458;2
Malaga;15455;2
Murcia;15662;2
Navarra;6119;2
Ourense;1792;2
Palencia;1082;2
PalmasLas;8785;2
Pontevedra;7065;2
Rioja La;2714;2
Salamanca;2162;2
Santa Cruz de Tenerife;8026;2
Segovia;1158;2
Sevilla;18703;2
Soria;650;2
Tarragona;7484;2
Teruel;1024;2
Toledo;6669;2
Valencia/Valencia;21999;2
Valladolid;3981;2
Zamora;918;2
Zaragoza;8385;2
Ceuta;1005;2
Melilla;1316;2
Albacete;3515;3
Alicante/Alacant;16841;3
Almeria;8119;3
Araba/Alava;3220;3
Asturias;6631;3
Avila;1169;3
Badajoz;5914;3
Balears Illes;11301;3
Barcelona;53466;3
Bizkaia;9460;3
Burgos;2821;3
Caceres;2946;3
Cadiz;12130;3
Cantabria;4489;3
Castellon/Castello;5384;3
CiudadReal;4334;3
Cordoba;7075;3
CoruaA;8651;3
Cuenca;1592;3
Gipuzkoa;6387;3
Girona;7777;3
Granada;8819;3
Guadalajara;2609;3
Huelva;4962;3
Huesca;1889;3
Jaen;5411;3
Leon;3051;3
Lleida;4121;3
Lugo;2201;3
Madrid;66228;3
Malaga;16123;3
Murcia;16211;3
Navarra;6336;3
Ourense;1874;3
Palencia;1146;3
PalmasLas;9022;3
Pontevedra;7178;3
Rioja La;2815;3
Salamanca;2338;3
Santa Cruz de Tenerife;8322;3
Segovia;1225;3
Sevilla;19549;3
Soria;689;3
Tarragona;7871;3
Teruel;1057;3
Toledo;6957;3
Valencia/Valencia;23180;3
Valladolid;4254;3
Zamora;956;3
Zaragoza;8764;3
Ceuta;1034;3
Melilla;1391;3
Albacete;3606;4
Alicante/Alacant;17382;4
Almeria;8173;4
Araba/Alava;3331;4
Asturias;6797;4
Avila;1213;4
Badajoz;6027;4
Balears Illes;11487;4
Barcelona;54459;4
Bizkaia;9772;4
Burgos;2925;4
Caceres;2997;4
Cadiz;12268;4
Cantabria;4631;4
Castellon/Castello;5467;4
CiudadReal;4316;4
Cordoba;7208;4
CoruaA;8636;4
Cuenca;1619;4
Gipuzkoa;6560;4
Girona;7949;4
Granada;8754;4
Guadalajara;2669;4
Huelva;5169;4
Huesca;1909;4
Jaen;5487;4
Leon;3118;4
Lleida;4249;4
Lugo;2203;4
Madrid;67468;4
Malaga;16537;4
Murcia;16612;4
Navarra;6533;4
Ourense;1926;4
Palencia;1209;4
PalmasLas;9155;4
Pontevedra;7468;4
Rioja La;2936;4
Salamanca;2405;4
Santa Cruz de Tenerife;8567;4
Segovia;1290;4
Sevilla;20077;4
Soria;687;4
Tarragona;8110;4
Teruel;1104;4
Toledo;7083;4
Valencia/Valencia;23898;4
Valladolid;4390;4
Zamora;998;4
Zaragoza;9050;4
Ceuta;1080;4
Melilla;1476;4
Albacete;3622;  5 
Alicante/Alacant;17417;  5 
Almeria;8066;  5 
Araba/Alava;3321;  5 
Asturias;6925;  5 
Avila;1224;  5 
Badajoz;6063;  5 
Balears Illes;11482;  5 
Barcelona;54408;  5 
Bizkaia;9954;  5 
Burgos;3038;  5 
Caceres;3001;  5 
Cadiz;12265;  5 
Cantabria;4826;  5 
Castellon/Castello;5614;  5 
CiudadReal;4402;  5 
Cordoba;7235;  5 
CoruaA;8663;  5 
Cuenca;1624;  5 
Gipuzkoa;6546;  5 
Girona;7926;  5 
Granada;8582;  5 
Guadalajara;2713;  5 
Huelva;5288;  5 
Huesca;1945;  5 
Jaen;5467;  5 
Leon;3098;  5 
Lleida;4251;  5 
Lugo;2162;  5 
Madrid;67305;  5 
Malaga;16707;  5 
Murcia;16697;  5 
Navarra;6551;  5 
Ourense;1926;  5 
Palencia;1195;  5 
PalmasLas;9239;  5 
Pontevedra;7595;  5 
Rioja La;2981;  5 
Salamanca;2353;  5 
Santa Cruz de Tenerife;8441;  5 
Segovia;1288;  5 
Sevilla;20324;  5 
Soria;688;  5 
Tarragona;8058;  5 
Teruel;1159;  5 
Toledo;7161;  5 
Valencia/Valencia;24080;  5 
Valladolid;4459;  5 
Zamora;1030;  5 
Zaragoza;9074;  5 
Ceuta;1071;  5 
Melilla;1452;  5 
Albacete;3656;6
Alicante/Alacant;17777;6
Almeria;8003;6
Araba/Alava;3359;6
Asturias;7382;6
Avila;1225;6
Badajoz;6219;6
Balears Illes;11631;6
Barcelona;55634;6
Bizkaia;10239;6
Burgos;3148;6
Caceres;2956;6
Cadiz;12644;6
Cantabria;5079;6
Castellon/Castello;5772;6
CiudadReal;4655;6
Cordoba;7427;6
CoruaA;9031;6
Cuenca;1621;6
Gipuzkoa;6823;6
Girona;8126;6
Granada;8823;6
Guadalajara;2838;6
Huelva;5279;6
Huesca;2002;6
Jaen;5618;6
Leon;3195;6
Lleida;4321;6
Lugo;2217;6
Madrid;68200;6
Malaga;17205;6
Murcia;16818;6
Navarra;6729;6
Ourense;1949;6
Palencia;1190;6
PalmasLas;9362;6
Pontevedra;7830;6
Rioja La;3066;6
Salamanca;2429;6
Santa Cruz de Tenerife;8734;6
Segovia;1300;6
Sevilla;20709;6
Soria;723;6
Tarragona;8230;6
Teruel;1152;6
Toledo;7397;6
Valencia/Valencia;24797;6
Valladolid;4600;6
Zamora;1096;6
Zaragoza;9059;6
Ceuta;1065;6
Melilla;1399;6
Albacete;3806;7
Alicante/Alacant;18391;7
Almeria;8159;7
Araba/Alava;3536;7
Asturias;7917;7
Avila;1319;7
Badajoz;6525;7
Balears Illes;11972;7
Barcelona;58838;7
Bizkaia;10727;7
Burgos;3198;7
Caceres;3168;7
Cadiz;13283;7
Cantabria;5333;7
Castellon/Castello;5987;7
CiudadReal;4881;7
Cordoba;7750;7
CoruaA;9398;7
Cuenca;1680;7
Gipuzkoa;7201;7
Girona;8441;7
Granada;9276;7
Guadalajara;2974;7
Huelva;5420;7
Huesca;2000;7
Jaen;5929;7
Leon;3338;7
Lleida;4517;7
Lugo;2282;7
Madrid;71258;7
Malaga;17958;7
Murcia;17199;7
Navarra;7085;7
Ourense;2031;7
Palencia;1218;7
PalmasLas;9627;7
Pontevedra;8251;7
Rioja La;3149;7
Salamanca;2624;7
Santa Cruz de Tenerife;9262;7
Segovia;1407;7
Sevilla;21929;7
Soria;756;7
Tarragona;8787;7
Teruel;1193;7
Toledo;7757;7
Valencia/Valencia;25849;7
Valladolid;4749;7
Zamora;1123;7
Zaragoza;9432;7
Ceuta;1181;7
Melilla;1448;7
Albacete;3918;8
Alicante/Alacant;18808;8
Almeria;8245;8
Araba/Alava;3610;8
Asturias;7969;8
Avila;1355;8
Badajoz;6676;8
Balears Illes;12248;8
Barcelona;60694;8
Bizkaia;10925;8
Burgos;3224;8
Caceres;3422;8
Cadiz;13838;8
Cantabria;5561;8
Castellon/Castello;6010;8
CiudadReal;4977;8
Cordoba;7820;8
CoruaA;9627;8
Cuenca;1729;8
Gipuzkoa;7401;8
Girona;8589;8
Granada;9394;8
Guadalajara;3087;8
Huelva;5738;8
Huesca;2083;8
Jaen;6041;8
Leon;3447;8
Lleida;4598;8
Lugo;2274;8
Madrid;71898;8
Malaga;18282;8
Murcia;17304;8
Navarra;7147;8
Ourense;2122;8
Palencia;1214;8
PalmasLas;10104;8
Pontevedra;8484;8
Rioja La;3176;8
Salamanca;2667;8
Santa Cruz de Tenerife;9369;8
Segovia;1458;8
Sevilla;22913;8
Soria;771;8
Tarragona;9243;8
Teruel;1197;8
Toledo;7973;8
Valencia/Valencia;26530;8
Valladolid;4908;8
Zamora;1144;8
Zaragoza;9771;8
Ceuta;1273;8
Melilla;1426;8
Albacete;4014;9
Alicante/Alacant;19339;9
Almeria;8318;9
Araba/Alava;3540;9
Asturias;8233;9
Avila;1391;9
Badajoz;6876;9
Balears Illes;12412;9
Barcelona;60851;9
Bizkaia;10988;9
Burgos;3223;9
Caceres;3507;9
Cadiz;14333;9
Cantabria;5741;9
Castellon/Castello;6044;9
CiudadReal;5022;9
Cordoba;7958;9
CoruaA;9869;9
Cuenca;1757;9
Gipuzkoa;7494;9
Girona;8722;9
Granada;9657;9
Guadalajara;3191;9
Huelva;5980;9
Huesca;2142;9
Jaen;6263;9
Leon;3508;9
Lleida;4681;9
Lugo;2312;9
Madrid;71740;9
Malaga;18539;9
Murcia;17494;9
Navarra;7178;9
Ourense;2166;9
Palencia;1229;9
PalmasLas;10720;9
Pontevedra;8768;9
Rioja La;3228;9
Salamanca;2690;9
Santa Cruz de Tenerife;9645;9
Segovia;1466;9
Sevilla;23525;9
Soria;794;9
Tarragona;9430;9
Teruel;1197;9
Toledo;8151;9
Valencia/Valencia;27265;9
Valladolid;4963;9
Zamora;1182;9
Zaragoza;9954;9
Ceuta;1280;9
Melilla;1348;9
Albacete;4142;10
Alicante/Alacant;20362;10
Almeria;8698;10
Araba/Alava;3512;10
Asturias;8573;10
Avila;1482;10
Badajoz;7119;10
Balears Illes;12850;10
Barcelona;62413;10
Bizkaia;11306;10
Burgos;3361;10
Caceres;3665;10
Cadiz;14862;10
Cantabria;5938;10
Castellon/Castello;6392;10
CiudadReal;5227;10
Cordoba;8409;10
CoruaA;10116;10
Cuenca;1833;10
Gipuzkoa;7539;10
Girona;9031;10
Granada;10404;10
Guadalajara;3294;10
Huelva;6212;10
Huesca;2208;10
Jaen;6633;10
Leon;3545;10
Lleida;4855;10
Lugo;2351;10
Madrid;74236;10
Malaga;19134;10
Murcia;18362;10
Navarra;7352;10
Ourense;2247;10
Palencia;1263;10
PalmasLas;11332;10
Pontevedra;9121;10
Rioja La;3307;10
Salamanca;2875;10
Santa Cruz de Tenerife;10256;10
Segovia;1513;10
Sevilla;24626;10
Soria;824;10
Tarragona;9654;10
Teruel;1239;10
Toledo;8479;10
Valencia/Valencia;28526;10
Valladolid;5003;10
Zamora;1220;10
Zaragoza;10278;10
Ceuta;1287;10
Melilla;1298;10
Albacete;4155;11
Alicante/Alacant;20699;11
Almeria;8673;11
Araba/Alava;3445;11
Asturias;8420;11
Avila;1466;11
Badajoz;7108;11
Balears Illes;12962;11
Barcelona;63247;11
Bizkaia;11306;11
Burgos;3421;11
Caceres;3719;11
Cadiz;15299;11
Cantabria;5880;11
Castellon/Castello;6411;11
CiudadReal;5237;11
Cordoba;8511;11
CoruaA;9919;11
Cuenca;1847;11
Gipuzkoa;7591;11
Girona;8986;11
Granada;10885;11
Guadalajara;3213;11
Huelva;6263;11
Huesca;2201;11
Jaen;6711;11
Leon;3599;11
Lleida;4760;11
Lugo;2363;11
Madrid;74237;11
Malaga;19445;11
Murcia;18729;11
Navarra;7296;11
Ourense;2261;11
Palencia;1263;11
PalmasLas;11885;11
Pontevedra;9100;11
Rioja La;3343;11
Salamanca;2952;11
Santa Cruz de Tenerife;10567;11
Segovia;1491;11
Sevilla;24754;11
Soria;805;11
Tarragona;9634;11
Teruel;1244;11
Toledo;8551;11
Valencia/Valencia;29274;11
Valladolid;5043;11
Zamora;1225;11
Zaragoza;10349;11
Ceuta;1279;11
Melilla;1241;11
Albacete;4123;12
Alicante/Alacant;20209;12
Almeria;8451;12
Araba/Alava;3338;12
Asturias;8221;12
Avila;1408;12
Badajoz;6982;12
Balears Illes;12630;12
Barcelona;62286;12
Bizkaia;10938;12
Burgos;3257;12
Caceres;3662;12
Cadiz;15469;12
Cantabria;5672;12
Castellon/Castello;6337;12
CiudadReal;5165;12
Cordoba;8554;12
CoruaA;9585;12
Cuenca;1882;12
Gipuzkoa;7551;12
Girona;8829;12
Granada;10856;12
Guadalajara;3099;12
Huelva;6089;12
Huesca;2137;12
Jaen;6703;12
Leon;3565;12
Lleida;4571;12
Lugo;2289;12
Madrid;71988;12
Malaga;19214;12
Murcia;18417;12
Navarra;7159;12
Ourense;2208;12
Palencia;1291;12
PalmasLas;12196;12
Pontevedra;8883;12
Rioja La;3247;12
Salamanca;2850;12
Santa Cruz de Tenerife;10493;12
Segovia;1485;12
Sevilla;24068;12
Soria;784;12
Tarragona;9381;12
Teruel;1217;12
Toledo;8266;12
Valencia/Valencia;28549;12
Valladolid;4978;12
Zamora;1207;12
Zaragoza;10126;12
Ceuta;1226;12
Melilla;1217;12
Albacete;3992;13
Alicante/Alacant;19881;13
Almeria;8357;13
Araba/Alava;3264;13
Asturias;8189;13
Avila;1436;13
Badajoz;6884;13
Balears Illes;12352;13
Barcelona;61853;13
Bizkaia;10848;13
Burgos;3222;13
Caceres;3700;13
Cadiz;15347;13
Cantabria;5702;13
Castellon/Castello;6250;13
CiudadReal;5158;13
Cordoba;8603;13
CoruaA;9590;13
Cuenca;1881;13
Gipuzkoa;7416;13
Girona;8733;13
Granada;10651;13
Guadalajara;3039;13
Huelva;5949;13
Huesca;2097;13
Jaen;6715;13
Leon;3559;13
Lleida;4523;13
Lugo;2247;13
Madrid;70554;13
Malaga;19077;13
Murcia;18072;13
Navarra;7027;13
Ourense;2175;13
Palencia;1302;13
PalmasLas;12312;13
Pontevedra;8832;13
Rioja La;3214;13
Salamanca;2864;13
Santa Cruz de Tenerife;10511;13
Segovia;1547;13
Sevilla;23680;13
Soria;790;13
Tarragona;9268;13
Teruel;1186;13
Toledo;8101;13
Valencia/Valencia;28035;13
Valladolid;4947;13
Zamora;1214;13
Zaragoza;9897;13
Ceuta;1200;13
Melilla;1199;13
Albacete;3905;14
Alicante/Alacant;19538;14
Almeria;8074;14
Araba/Alava;3211;14
Asturias;8090;14
Avila;1438;14
Badajoz;6764;14
Balears Illes;12097;14
Barcelona;61030;14
Bizkaia;10842;14
Burgos;3240;14
Caceres;3725;14
Cadiz;14887;14
Cantabria;5677;14
Castellon/Castello;5987;14
CiudadReal;5045;14
Cordoba;8422;14
CoruaA;9500;14
Cuenca;1838;14
Gipuzkoa;7320;14
Girona;8579;14
Granada;10337;14
Guadalajara;2931;14
Huelva;5793;14
Huesca;2090;14
Jaen;6721;14
Leon;3617;14
Lleida;4448;14
Lugo;2257;14
Madrid;70237;14
Malaga;18784;14
Murcia;17711;14
Navarra;6951;14
Ourense;2155;14
Palencia;1299;14
PalmasLas;12434;14
Pontevedra;8807;14
Rioja La;3252;14
Salamanca;2947;14
Santa Cruz de Tenerife;10398;14
Segovia;1509;14
Sevilla;22947;14
Soria;779;14
Tarragona;9040;14
Teruel;1197;14
Toledo;8002;14
Valencia/Valencia;27726;14
Valladolid;4853;14
Zamora;1236;14
Zaragoza;9758;14
Ceuta;1200;14
Melilla;1156;14
Albacete;4007;15
Alicante/Alacant;19389;15
Almeria;7863;15
Araba/Alava;3202;15
Asturias;7940;15
Avila;1383;15
Badajoz;6851;15
Balears Illes;11982;15
Barcelona;59869;15
Bizkaia;10742;15
Burgos;3137;15
Caceres;3697;15
Cadiz;14534;15
Cantabria;5544;15
Castellon/Castello;5942;15
CiudadReal;4917;15
Cordoba;8405;15
CoruaA;9308;15
Cuenca;1866;15
Gipuzkoa;7318;15
Girona;8515;15
Granada;10162;15
Guadalajara;2952;15
Huelva;5671;15
Huesca;2051;15
Jaen;6820;15
Leon;3664;15
Lleida;4351;15
Lugo;2279;15
Madrid;69801;15
Malaga;18323;15
Murcia;17561;15
Navarra;7085;15
Ourense;2216;15
Palencia;1303;15
PalmasLas;12428;15
Pontevedra;8724;15
Rioja La;3272;15
Salamanca;2912;15
Santa Cruz de Tenerife;10314;15
Segovia;1478;15
Sevilla;22261;15
Soria;801;15
Tarragona;8782;15
Teruel;1204;15
Toledo;7854;15
Valencia/Valencia;27254;15
Valladolid;4816;15
Zamora;1289;15
Zaragoza;9737;15
Ceuta;1174;15
Melilla;1194;15
Albacete;4045;16
Alicante/Alacant;18889;16
Almeria;7568;16
Araba/Alava;3099;16
Asturias;7749;16
Avila;1379;16
Badajoz;6927;16
Balears Illes;11775;16
Barcelona;58188;16
Bizkaia;10490;16
Burgos;3093;16
Caceres;3680;16
Cadiz;14134;16
Cantabria;5386;16
Castellon/Castello;5915;16
CiudadReal;4794;16
Cordoba;8327;16
CoruaA;9003;16
Cuenca;1934;16
Gipuzkoa;7095;16
Girona;8186;16
Granada;9958;16
Guadalajara;2935;16
Huelva;5598;16
Huesca;1982;16
Jaen;6754;16
Leon;3630;16
Lleida;4265;16
Lugo;2247;16
Madrid;67928;16
Malaga;17641;16
Murcia;17275;16
Navarra;6910;16
Ourense;2147;16
Palencia;1299;16
PalmasLas;12175;16
Pontevedra;8557;16
Rioja La;3125;16
Salamanca;2834;16
Santa Cruz de Tenerife;10342;16
Segovia;1473;16
Sevilla;21648;16
Soria;799;16
Tarragona;8580;16
Teruel;1172;16
Toledo;7535;16
Valencia/Valencia;26270;16
Valladolid;4733;16
Zamora;1300;16
Zaragoza;9508;16
Ceuta;1114;16
Melilla;1186;16
Albacete;4036;17
Alicante/Alacant;18510;17
Almeria;7550;17
Araba/Alava;3004;17
Asturias;7708;17
Avila;1417;17
Badajoz;6938;17
Balears Illes;11643;17
Barcelona;56817;17
Bizkaia;10259;17
Burgos;3102;17
Caceres;3725;17
Cadiz;13932;17
Cantabria;5202;17
Castellon/Castello;5814;17
CiudadReal;4844;17
Cordoba;8245;17
CoruaA;8904;17
Cuenca;1969;17
Gipuzkoa;6894;17
Girona;7980;17
Granada;10012;17
Guadalajara;2800;17
Huelva;5546;17
Huesca;2035;17
Jaen;6690;17
Leon;3578;17
Lleida;4357;17
Lugo;2198;17
Madrid;66268;17
Malaga;17229;17
Murcia;17045;17
Navarra;6768;17
Ourense;2066;17
Palencia;1311;17
PalmasLas;12215;17
Pontevedra;8484;17
Rioja La;2973;17
Salamanca;2805;17
Santa Cruz de Tenerife;10459;17
Segovia;1481;17
Sevilla;21144;17
Soria;786;17
Tarragona;8362;17
Teruel;1196;17
Toledo;7288;17
Valencia/Valencia;25588;17
Valladolid;4584;17
Zamora;1274;17
Zaragoza;9345;17
Ceuta;1048;17
Melilla;1143;17
Albacete;4146;18
Alicante/Alacant;18519;18
Almeria;7700;18
Araba/Alava;2999;18
Asturias;7806;18
Avila;1468;18
Badajoz;7001;18
Balears Illes;11685;18
Barcelona;56903;18
Bizkaia;10198;18
Burgos;3147;18
Caceres;3865;18
Cadiz;13883;18
Cantabria;5186;18
Castellon/Castello;5724;18
CiudadReal;4984;18
Cordoba;8368;18
CoruaA;9072;18
Cuenca;1983;18
Gipuzkoa;6865;18
Girona;8094;18
Granada;10201;18
Guadalajara;2804;18
Huelva;5571;18
Huesca;2049;18
Jaen;6834;18
Leon;3637;18
Lleida;4467;18
Lugo;2336;18
Madrid;65975;18
Malaga;17162;18
Murcia;17058;18
Navarra;6846;18
Ourense;2134;18
Palencia;1313;18
PalmasLas;12383;18
Pontevedra;8456;18
Rioja La;2987;18
Salamanca;2850;18
Santa Cruz de Tenerife;10621;18
Segovia;1496;18
Sevilla;21204;18
Soria;848;18
Tarragona;8355;18
Teruel;1284;18
Toledo;7326;18
Valencia/Valencia;25848;18
Valladolid;4564;18
Zamora;1322;18
Zaragoza;9261;18
Ceuta;1051;18
Melilla;1181;18
Albacete;4211;19
Alicante/Alacant;18340;19
Almeria;7781;19
Araba/Alava;2981;19
Asturias;7763;19
Avila;1489;19
Badajoz;7070;19
Balears Illes;11715;19
Barcelona;56947;19
Bizkaia;10131;19
Burgos;3207;19
Caceres;3875;19
Cadiz;13662;19
Cantabria;5146;19
Castellon/Castello;5718;19
CiudadReal;5114;19
Cordoba;8429;19
CoruaA;8973;19
Cuenca;2038;19
Gipuzkoa;6862;19
Girona;7994;19
Granada;10149;19
Guadalajara;2782;19
Huelva;5569;19
Huesca;2051;19
Jaen;7139;19
Leon;3645;19
Lleida;4450;19
Lugo;2390;19
Madrid;65909;19
Malaga;17007;19
Murcia;16776;19
Navarra;6887;19
Ourense;2169;19
Palencia;1348;19
PalmasLas;12411;19
Pontevedra;8408;19
Rioja La;3025;19
Salamanca;2890;19
Santa Cruz de Tenerife;10917;19
Segovia;1484;19
Sevilla;20955;19
Soria;853;19
Tarragona;8227;19
Teruel;1265;19
Toledo;7318;19
Valencia/Valencia;25809;19
Valladolid;4501;19
Zamora;1340;19
Zaragoza;9177;19
Ceuta;1097;19
Melilla;1171;19
Albacete;4213;20
Alicante/Alacant;18088;20
Almeria;7782;20
Araba/Alava;2852;20
Asturias;7635;20
Avila;1460;20
Badajoz;7031;20
Balears Illes;11691;20
Barcelona;55719;20
Bizkaia;9827;20
Burgos;3110;20
Caceres;3817;20
Cadiz;13323;20
Cantabria;4901;20
Castellon/Castello;5673;20
CiudadReal;5175;20
Cordoba;8434;20
CoruaA;8867;20
Cuenca;2030;20
Gipuzkoa;6740;20
Girona;7838;20
Granada;10152;20
Guadalajara;2577;20
Huelva;5477;20
Huesca;2054;20
Jaen;7151;20
Leon;3632;20
Lleida;4383;20
Lugo;2375;20
Madrid;65009;20
Malaga;16716;20
Murcia;16527;20
Navarra;6870;20
Ourense;2169;20
Palencia;1336;20
PalmasLas;12236;20
Pontevedra;8200;20
Rioja La;2994;20
Salamanca;2905;20
Santa Cruz de Tenerife;10856;20
Segovia;1473;20
Sevilla;20263;20
Soria;835;20
Tarragona;7903;20
Teruel;1236;20
Toledo;7215;20
Valencia/Valencia;25174;20
Valladolid;4325;20
Zamora;1348;20
Zaragoza;9144;20
Ceuta;1089;20
Melilla;1152;20
Albacete;4229;21
Alicante/Alacant;18028;21
Almeria;7783;21
Araba/Alava;2775;21
Asturias;7605;21
Avila;1440;21
Badajoz;7087;21
Balears Illes;11906;21
Barcelona;55590;21
Bizkaia;9671;21
Burgos;3115;21
Caceres;3784;21
Cadiz;13118;21
Cantabria;4836;21
Castellon/Castello;5641;21
CiudadReal;5217;21
Cordoba;8443;21
CoruaA;8908;21
Cuenca;2012;21
Gipuzkoa;6685;21
Girona;7976;21
Granada;10091;21
Guadalajara;2496;21
Huelva;5443;21
Huesca;2025;21
Jaen;7077;21
Leon;3745;21
Lleida;4354;21
Lugo;2411;21
Madrid;65052;21
Malaga;16293;21
Murcia;16680;21
Navarra;6849;21
Ourense;2234;21
Palencia;1344;21
PalmasLas;12159;21
Pontevedra;7994;21
Rioja La;2990;21
Salamanca;2961;21
Santa Cruz de Tenerife;10734;21
Segovia;1504;21
Sevilla;20198;21
Soria;817;21
Tarragona;7889;21
Teruel;1285;21
Toledo;7200;21
Valencia/Valencia;24924;21
Valladolid;4364;21
Zamora;1392;21
Zaragoza;9125;21
Ceuta;1095;21
Melilla;1164;21
Albacete;4256;22
Alicante/Alacant;18198;22
Almeria;7894;22
Araba/Alava;2833;22
Asturias;7663;22
Avila;1445;22
Badajoz;7223;22
Balears Illes;12204;22
Barcelona;56178;22
Bizkaia;9702;22
Burgos;3135;22
Caceres;3787;22
Cadiz;12847;22
Cantabria;4882;22
Castellon/Castello;5544;22
CiudadReal;5305;22
Cordoba;8392;22
CoruaA;8858;22
Cuenca;2020;22
Gipuzkoa;6697;22
Girona;8039;22
Granada;10074;22
Guadalajara;2565;22
Huelva;5429;22
Huesca;2124;22
Jaen;7185;22
Leon;3782;22
Lleida;4350;22
Lugo;2369;22
Madrid;66093;22
Malaga;16222;22
Murcia;16665;22
Navarra;6788;22
Ourense;2302;22
Palencia;1427;22
PalmasLas;12325;22
Pontevedra;8021;22
Rioja La;2965;22
Salamanca;2921;22
Santa Cruz de Tenerife;11172;22
Segovia;1509;22
Sevilla;20199;22
Soria;813;22
Tarragona;7887;22
Teruel;1291;22
Toledo;7067;22
Valencia/Valencia;25040;22
Valladolid;4443;22
Zamora;1388;22
Zaragoza;9128;22
Ceuta;1101;22
Melilla;1162;22
Albacete;4293;23
Alicante/Alacant;18298;23
Almeria;7982;23
Araba/Alava;2774;23
Asturias;7713;23
Avila;1523;23
Badajoz;7271;23
Balears Illes;12628;23
Barcelona;56472;23
Bizkaia;9506;23
Burgos;3000;23
Caceres;3857;23
Cadiz;12692;23
Cantabria;4798;23
Castellon/Castello;5504;23
CiudadReal;5409;23
Cordoba;8386;23
CoruaA;8883;23
Cuenca;2016;23
Gipuzkoa;6559;23
Girona;7932;23
Granada;10059;23
Guadalajara;2563;23
Huelva;5490;23
Huesca;2133;23
Jaen;7343;23
Leon;3718;23
Lleida;4317;23
Lugo;2437;23
Madrid;66729;23
Malaga;16228;23
Murcia;16620;23
Navarra;6587;23
Ourense;2372;23
Palencia;1449;23
PalmasLas;12496;23
Pontevedra;8084;23
Rioja La;2851;23
Salamanca;2864;23
Santa Cruz de Tenerife;11537;23
Segovia;1498;23
Sevilla;19998;23
Soria;855;23
Tarragona;7856;23
Teruel;1262;23
Toledo;6954;23
Valencia/Valencia;24932;23
Valladolid;4381;23
Zamora;1402;23
Zaragoza;9069;23
Ceuta;1082;23
Melilla;1195;23
Albacete;4310;24
Alicante/Alacant;18293;24
Almeria;8060;24
Araba/Alava;2682;24
Asturias;7711;24
Avila;1526;24
Badajoz;7382;24
Balears Illes;13051;24
Barcelona;57720;24
Bizkaia;9424;24
Burgos;3007;24
Caceres;3897;24
Cadiz;12809;24
Cantabria;4751;24
Castellon/Castello;5518;24
CiudadReal;5523;24
Cordoba;8598;24
CoruaA;9062;24
Cuenca;1990;24
Gipuzkoa;6424;24
Girona;8058;24
Granada;9923;24
Guadalajara;2554;24
Huelva;5620;24
Huesca;2095;24
Jaen;7466;24
Leon;3716;24
Lleida;4327;24
Lugo;2561;24
Madrid;68464;24
Malaga;16212;24
Murcia;16508;24
Navarra;6517;24
Ourense;2437;24
Palencia;1424;24
PalmasLas;12680;24
Pontevedra;8259;24
Rioja La;2900;24
Salamanca;2917;24
Santa Cruz de Tenerife;11804;24
Segovia;1513;24
Sevilla;20363;24
Soria;831;24
Tarragona;7974;24
Teruel;1296;24
Toledo;6997;24
Valencia/Valencia;25076;24
Valladolid;4383;24
Zamora;1386;24
Zaragoza;9145;24
Ceuta;1067;24
Melilla;1205;24
Albacete;4235;25
Alicante/Alacant;18443;25
Almeria;8272;25
Araba/Alava;2791;25
Asturias;7797;25
Avila;1454;25
Badajoz;7585;25
Balears Illes;13495;25
Barcelona;59837;25
Bizkaia;9650;25
Burgos;3145;25
Caceres;3941;25
Cadiz;13167;25
Cantabria;4854;25
Castellon/Castello;5538;25
CiudadReal;5686;25
Cordoba;8991;25
CoruaA;9525;25
Cuenca;2028;25
Gipuzkoa;6404;25
Girona;8226;25
Granada;10214;25
Guadalajara;2548;25
Huelva;5812;25
Huesca;2070;25
Jaen;7697;25
Leon;3783;25
Lleida;4380;25
Lugo;2728;25
Madrid;71719;25
Malaga;16767;25
Murcia;16769;25
Navarra;6504;25
Ourense;2556;25
Palencia;1424;25
PalmasLas;13155;25
Pontevedra;8649;25
Rioja La;2920;25
Salamanca;3040;25
Santa Cruz de Tenerife;12267;25
Segovia;1505;25
Sevilla;21267;25
Soria;833;25
Tarragona;7964;25
Teruel;1353;25
Toledo;7081;25
Valencia/Valencia;25830;25
Valladolid;4450;25
Zamora;1432;25
Zaragoza;9358;25
Ceuta;1108;25
Melilla;1181;25
Albacete;4294;26
Alicante/Alacant;19069;26
Almeria;8665;26
Araba/Alava;2899;26
Asturias;8115;26
Avila;1455;26
Badajoz;7858;26
Balears Illes;14397;26
Barcelona;62336;26
Bizkaia;9955;26
Burgos;3232;26
Caceres;4027;26
Cadiz;13718;26
Cantabria;5103;26
Castellon/Castello;5650;26
CiudadReal;5776;26
Cordoba;9254;26
CoruaA;9878;26
Cuenca;2154;26
Gipuzkoa;6507;26
Girona;8290;26
Granada;10765;26
Guadalajara;2602;26
Huelva;6026;26
Huesca;2101;26
Jaen;7958;26
Leon;3974;26
Lleida;4530;26
Lugo;2870;26
Madrid;75023;26
Malaga;17785;26
Murcia;17449;26
Navarra;6489;26
Ourense;2658;26
Palencia;1459;26
PalmasLas;13875;26
Pontevedra;9005;26
Rioja La;2881;26
Salamanca;3141;26
Santa Cruz de Tenerife;12801;26
Segovia;1510;26
Sevilla;21954;26
Soria;857;26
Tarragona;8107;26
Teruel;1355;26
Toledo;7291;26
Valencia/Valencia;26744;26
Valladolid;4524;26
Zamora;1511;26
Zaragoza;9498;26
Ceuta;1148;26
Melilla;1189;26
Albacete;4466;27
Alicante/Alacant;19756;27
Almeria;8776;27
Araba/Alava;2939;27
Asturias;8312;27
Avila;1480;27
Badajoz;7994;27
Balears Illes;15179;27
Barcelona;63509;27
Bizkaia;10026;27
Burgos;3214;27
Caceres;4047;27
Cadiz;13889;27
Cantabria;5243;27
Castellon/Castello;5710;27
CiudadReal;5729;27
Cordoba;9321;27
CoruaA;9956;27
Cuenca;2231;27
Gipuzkoa;6500;27
Girona;8385;27
Granada;11009;27
Guadalajara;2665;27
Huelva;6064;27
Huesca;2160;27
Jaen;7946;27
Leon;4128;27
Lleida;4617;27
Lugo;2904;27
Madrid;76152;27
Malaga;18239;27
Murcia;17633;27
Navarra;6594;27
Ourense;2659;27
Palencia;1484;27
PalmasLas;14221;27
Pontevedra;9075;27
Rioja La;2974;27
Salamanca;3166;27
Santa Cruz de Tenerife;12985;27
Segovia;1526;27
Sevilla;22188;27
Soria;830;27
Tarragona;8279;27
Teruel;1346;27
Toledo;7373;27
Valencia/Valencia;26942;27
Valladolid;4587;27
Zamora;1507;27
Zaragoza;9572;27
Ceuta;1109;27
Melilla;1149;27
Albacete;4602;28
Alicante/Alacant;20060;28
Almeria;8984;28
Araba/Alava;2953;28
Asturias;8378;28
Avila;1512;28
Badajoz;8000;28
Balears Illes;15700;28
Barcelona;63962;28
Bizkaia;10059;28
Burgos;3268;28
Caceres;4069;28
Cadiz;14133;28
Cantabria;5353;28
Castellon/Castello;5773;28
CiudadReal;5677;28
Cordoba;9369;28
CoruaA;10169;28
Cuenca;2254;28
Gipuzkoa;6467;28
Girona;8387;28
Granada;11019;28
Guadalajara;2644;28
Huelva;6137;28
Huesca;2132;28
Jaen;7789;28
Leon;4184;28
Lleida;4577;28
Lugo;3002;28
Madrid;76604;28
Malaga;18347;28
Murcia;17702;28
Navarra;6578;28
Ourense;2690;28
Palencia;1492;28
PalmasLas;14466;28
Pontevedra;9104;28
Rioja La;3086;28
Salamanca;3123;28
Santa Cruz de Tenerife;13183;28
Segovia;1556;28
Sevilla;22167;28
Soria;833;28
Tarragona;8338;28
Teruel;1386;28
Toledo;7266;28
Valencia/Valencia;26927;28
Valladolid;4639;28
Zamora;1538;28
Zaragoza;9669;28
Ceuta;1101;28
Melilla;1125;28
Albacete;4623;29
Alicante/Alacant;20297;29
Almeria;9146;29
Araba/Alava;3041;29
Asturias;8543;29
Avila;1538;29
Badajoz;8038;29
Balears Illes;16172;29
Barcelona;64953;29
Bizkaia;10223;29
Burgos;3373;29
Caceres;4217;29
Cadiz;14449;29
Cantabria;5439;29
Castellon/Castello;5857;29
CiudadReal;5715;29
Cordoba;9408;29
CoruaA;10474;29
Cuenca;2282;29
Gipuzkoa;6555;29
Girona;8361;29
Granada;11058;29
Guadalajara;2697;29
Huelva;6287;29
Huesca;2173;29
Jaen;7779;29
Leon;4252;29
Lleida;4626;29
Lugo;3113;29
Madrid;78740;29
Malaga;18806;29
Murcia;17879;29
Navarra;6605;29
Ourense;2769;29
Palencia;1521;29
PalmasLas;14845;29
Pontevedra;9314;29
Rioja La;3157;29
Salamanca;3165;29
Santa Cruz de Tenerife;13618;29
Segovia;1581;29
Sevilla;22083;29
Soria;878;29
Tarragona;8434;29
Teruel;1412;29
Toledo;7419;29
Valencia/Valencia;27145;29
Valladolid;4719;29
Zamora;1562;29
Zaragoza;10039;29
Ceuta;1120;29
Melilla;1113;29
Albacete;4450;30
Alicante/Alacant;20843;30
Almeria;9223;30
Araba/Alava;3261;30
Asturias;8950;30
Avila;1550;30
Badajoz;8152;30
Balears Illes;16599;30
Barcelona;65417;30
Bizkaia;10606;30
Burgos;3489;30
Caceres;4298;30
Cadiz;14571;30
Cantabria;5605;30
Castellon/Castello;6020;30
CiudadReal;5802;30
Cordoba;9381;30
CoruaA;10886;30
Cuenca;2277;30
Gipuzkoa;6699;30
Girona;8555;30
Granada;11087;30
Guadalajara;2861;30
Huelva;6445;30
Huesca;2265;30
Jaen;7706;30
Leon;4311;30
Lleida;4817;30
Lugo;3194;30
Madrid;80230;30
Malaga;19192;30
Murcia;18007;30
Navarra;6861;30
Ourense;2831;30
Palencia;1543;30
PalmasLas;15244;30
Pontevedra;9560;30
Rioja La;3227;30
Salamanca;3227;30
Santa Cruz de Tenerife;13909;30
Segovia;1600;30
Sevilla;22296;30
Soria;885;30
Tarragona;8737;30
Teruel;1409;30
Toledo;7763;30
Valencia/Valencia;27394;30
Valladolid;4809;30
Zamora;1573;30
Zaragoza;10479;30
Ceuta;1146;30
Melilla;1100;30
Albacete;4527;31
Alicante/Alacant;21240;31
Almeria;9513;31
Araba/Alava;3339;31
Asturias;9543;31
Avila;1585;31
Badajoz;8274;31
Balears Illes;16903;31
Barcelona;65743;31
Bizkaia;11098;31
Burgos;3596;31
Caceres;4331;31
Cadiz;14881;31
Cantabria;5865;31
Castellon/Castello;6227;31
CiudadReal;5824;31
Cordoba;9308;31
CoruaA;11356;31
Cuenca;2325;31
Gipuzkoa;6806;31
Girona;8688;31
Granada;11243;31
Guadalajara;3025;31
Huelva;6492;31
Huesca;2327;31
Jaen;7441;31
Leon;4429;31
Lleida;4860;31
Lugo;3319;31
Madrid;81651;31
Malaga;19650;31
Murcia;18218;31
Navarra;6879;31
Ourense;2878;31
Palencia;1593;31
PalmasLas;15414;31
Pontevedra;9771;31
Rioja La;3299;31
Salamanca;3294;31
Santa Cruz de Tenerife;13962;31
Segovia;1565;31
Sevilla;22721;31
Soria;888;31
Tarragona;9058;31
Teruel;1452;31
Toledo;7977;31
Valencia/Valencia;27764;31
Valladolid;4928;31
Zamora;1613;31
Zaragoza;10652;31
Ceuta;1123;31
Melilla;1125;31
Albacete;4662;32
Alicante/Alacant;21658;32
Almeria;9593;32
Araba/Alava;3416;32
Asturias;10133;32
Avila;1617;32
Badajoz;8260;32
Balears Illes;17150;32
Barcelona;67026;32
Bizkaia;11489;32
Burgos;3682;32
Caceres;4432;32
Cadiz;15255;32
Cantabria;6078;32
Castellon/Castello;6342;32
CiudadReal;5855;32
Cordoba;9301;32
CoruaA;11626;32
Cuenca;2359;32
Gipuzkoa;7030;32
Girona;8661;32
Granada;11340;32
Guadalajara;3115;32
Huelva;6613;32
Huesca;2395;32
Jaen;7508;32
Leon;4659;32
Lleida;4858;32
Lugo;3450;32
Madrid;83782;32
Malaga;20418;32
Murcia;18346;32
Navarra;6961;32
Ourense;2961;32
Palencia;1699;32
PalmasLas;15449;32
Pontevedra;10061;32
Rioja La;3379;32
Salamanca;3385;32
Santa Cruz de Tenerife;14038;32
Segovia;1586;32
Sevilla;23283;32
Soria;949;32
Tarragona;9118;32
Teruel;1498;32
Toledo;8194;32
Valencia/Valencia;28370;32
Valladolid;5091;32
Zamora;1626;32
Zaragoza;10937;32
Ceuta;1107;32
Melilla;1105;32
Albacete;4625;33
Alicante/Alacant;22375;33
Almeria;9651;33
Araba/Alava;3705;33
Asturias;10699;33
Avila;1624;33
Badajoz;8176;33
Balears Illes;17769;33
Barcelona;68913;33
Bizkaia;11887;33
Burgos;3850;33
Caceres;4498;33
Cadiz;15675;33
Cantabria;6459;33
Castellon/Castello;6382;33
CiudadReal;5893;33
Cordoba;9464;33
CoruaA;12074;33
Cuenca;2347;33
Gipuzkoa;7364;33
Girona;9011;33
Granada;11308;33
Guadalajara;3211;33
Huelva;6870;33
Huesca;2526;33
Jaen;7523;33
Leon;4929;33
Lleida;5022;33
Lugo;3594;33
Madrid;86315;33
Malaga;21308;33
Murcia;18723;33
Navarra;7307;33
Ourense;3129;33
Palencia;1774;33
PalmasLas;15630;33
Pontevedra;10454;33
Rioja La;3538;33
Salamanca;3402;33
Santa Cruz de Tenerife;14330;33
Segovia;1721;33
Sevilla;24161;33
Soria;1002;33
Tarragona;9504;33
Teruel;1508;33
Toledo;8493;33
Valencia/Valencia;29528;33
Valladolid;5369;33
Zamora;1679;33
Zaragoza;11388;33
Ceuta;1160;33
Melilla;1111;33
Albacete;4703;34
Alicante/Alacant;23035;34
Almeria;9848;34
Araba/Alava;3907;34
Asturias;11181;34
Avila;1681;34
Badajoz;8328;34
Balears Illes;18381;34
Barcelona;70636;34
Bizkaia;12390;34
Burgos;3980;34
Caceres;4477;34
Cadiz;16288;34
Cantabria;6834;34
Castellon/Castello;6719;34
CiudadReal;6070;34
Cordoba;9741;34
CoruaA;12977;34
Cuenca;2343;34
Gipuzkoa;7598;34
Girona;9363;34
Granada;11630;34
Guadalajara;3336;34
Huelva;7081;34
Huesca;2580;34
Jaen;7571;34
Leon;5214;34
Lleida;5217;34
Lugo;3783;34
Madrid;89869;34
Malaga;22445;34
Murcia;19443;34
Navarra;7582;34
Ourense;3273;34
Palencia;1820;34
PalmasLas;15904;34
Pontevedra;11018;34
Rioja La;3693;34
Salamanca;3557;34
Santa Cruz de Tenerife;14722;34
Segovia;1750;34
Sevilla;25294;34
Soria;1008;34
Tarragona;9998;34
Teruel;1468;34
Toledo;9011;34
Valencia/Valencia;31069;34
Valladolid;5785;34
Zamora;1765;34
Zaragoza;11811;34
Ceuta;1158;34
Melilla;1117;34
Albacete;4874;35
Alicante/Alacant;23897;35
Almeria;10149;35
Araba/Alava;4040;35
Asturias;11809;35
Avila;1732;35
Badajoz;8665;35
Balears Illes;18847;35
Barcelona;72766;35
Bizkaia;13022;35
Burgos;4096;35
Caceres;4594;35
Cadiz;16932;35
Cantabria;7182;35
Castellon/Castello;7102;35
CiudadReal;6301;35
Cordoba;9993;35
CoruaA;13855;35
Cuenca;2395;35
Gipuzkoa;7866;35
Girona;9649;35
Granada;12089;35
Guadalajara;3634;35
Huelva;7332;35
Huesca;2564;35
Jaen;7757;35
Leon;5393;35
Lleida;5439;35
Lugo;3918;35
Madrid;92752;35
Malaga;23394;35
Murcia;20294;35
Navarra;7896;35
Ourense;3435;35
Palencia;1835;35
PalmasLas;16522;35
Pontevedra;11714;35
Rioja La;3850;35
Salamanca;3719;35
Santa Cruz de Tenerife;15265;35
Segovia;1781;35
Sevilla;26494;35
Soria;1007;35
Tarragona;10341;35
Teruel;1500;35
Toledo;9446;35
Valencia/Valencia;32126;35
Valladolid;6071;35
Zamora;1807;35
Zaragoza;11964;35
Ceuta;1164;35
Melilla;1124;35
Albacete;5112;36
Alicante/Alacant;25157;36
Almeria;10663;36
Araba/Alava;4229;36
Asturias;12481;36
Avila;1784;36
Badajoz;9026;36
Balears Illes;19491;36
Barcelona;76257;36
Bizkaia;13704;36
Burgos;4229;36
Caceres;4882;36
Cadiz;17659;36
Cantabria;7613;36
Castellon/Castello;7459;36
CiudadReal;6476;36
Cordoba;10285;36
CoruaA;14757;36
Cuenca;2530;36
Gipuzkoa;8418;36
Girona;10086;36
Granada;12539;36
Guadalajara;3917;36
Huelva;7757;36
Huesca;2719;36
Jaen;7903;36
Leon;5562;36
Lleida;5662;36
Lugo;4038;36
Madrid;96348;36
Malaga;24447;36
Murcia;21557;36
Navarra;8346;36
Ourense;3550;36
Palencia;1876;36
PalmasLas;17242;36
Pontevedra;12510;36
Rioja La;4084;36
Salamanca;3887;36
Santa Cruz de Tenerife;16049;36
Segovia;1858;36
Sevilla;27889;36
Soria;1011;36
Tarragona;10980;36
Teruel;1572;36
Toledo;9847;36
Valencia/Valencia;33830;36
Valladolid;6392;36
Zamora;1886;36
Zaragoza;12420;36
Ceuta;1210;36
Melilla;1127;36
Albacete;5379;37
Alicante/Alacant;26656;37
Almeria;11200;37
Araba/Alava;4500;37
Asturias;13244;37
Avila;1876;37
Badajoz;9215;37
Balears Illes;20214;37
Barcelona;80115;37
Bizkaia;14563;37
Burgos;4424;37
Caceres;5093;37
Cadiz;18389;37
Cantabria;8158;37
Castellon/Castello;8001;37
CiudadReal;6723;37
Cordoba;10560;37
CoruaA;15831;37
Cuenca;2650;37
Gipuzkoa;8984;37
Girona;10644;37
Granada;13059;37
Guadalajara;4100;37
Huelva;8111;37
Huesca;2936;37
Jaen;8091;37
Leon;5848;37
Lleida;6038;37
Lugo;4254;37
Madrid;101051;37
Malaga;25557;37
Murcia;22933;37
Navarra;8992;37
Ourense;3641;37
Palencia;1995;37
PalmasLas;17869;37
Pontevedra;13427;37
Rioja La;4322;37
Salamanca;4064;37
Santa Cruz de Tenerife;16891;37
Segovia;1946;37
Sevilla;29151;37
Soria;1071;37
Tarragona;11688;37
Teruel;1675;37
Toledo;10529;37
Valencia/Valencia;36252;37
Valladolid;6818;37
Zamora;1962;37
Zaragoza;13360;37
Ceuta;1224;37
Melilla;1140;37
Albacete;5548;38
Alicante/Alacant;28106;38
Almeria;11579;38
Araba/Alava;4772;38
Asturias;14105;38
Avila;1961;38
Badajoz;9392;38
Balears Illes;20929;38
Barcelona;83913;38
Bizkaia;15367;38
Burgos;4686;38
Caceres;5219;38
Cadiz;19101;38
Cantabria;8768;38
Castellon/Castello;8592;38
CiudadReal;6962;38
Cordoba;10916;38
CoruaA;16792;38
Cuenca;2767;38
Gipuzkoa;9352;38
Girona;11449;38
Granada;13711;38
Guadalajara;4384;38
Huelva;8452;38
Huesca;3129;38
Jaen;8521;38
Leon;6139;38
Lleida;6473;38
Lugo;4532;38
Madrid;104775;38
Malaga;26596;38
Murcia;24223;38
Navarra;9485;38
Ourense;3889;38
Palencia;2126;38
PalmasLas;18647;38
Pontevedra;14340;38
Rioja La;4557;38
Salamanca;4161;38
Santa Cruz de Tenerife;17471;38
Segovia;2060;38
Sevilla;30506;38
Soria;1127;38
Tarragona;12226;38
Teruel;1784;38
Toledo;11203;38
Valencia/Valencia;38444;38
Valladolid;7321;38
Zamora;2071;38
Zaragoza;14179;38
Ceuta;1278;38
Melilla;1190;38
Albacete;5744;39
Alicante/Alacant;29153;39
Almeria;11900;39
Araba/Alava;5054;39
Asturias;14908;39
Avila;2053;39
Badajoz;9661;39
Balears Illes;21452;39
Barcelona;87579;39
Bizkaia;16119;39
Burgos;4873;39
Caceres;5313;39
Cadiz;19852;39
Cantabria;9199;39
Castellon/Castello;9250;39
CiudadReal;7211;39
Cordoba;11369;39
CoruaA;17430;39
Cuenca;2833;39
Gipuzkoa;9851;39
Girona;12089;39
Granada;14135;39
Guadalajara;4585;39
Huelva;8843;39
Huesca;3279;39
Jaen;8856;39
Leon;6329;39
Lleida;6811;39
Lugo;4720;39
Madrid;108464;39
Malaga;27294;39
Murcia;24938;39
Navarra;9765;39
Ourense;4127;39
Palencia;2217;39
PalmasLas;19257;39
Pontevedra;15207;39
Rioja La;4840;39
Salamanca;4326;39
Santa Cruz de Tenerife;17852;39
Segovia;2162;39
Sevilla;31746;39
Soria;1186;39
Tarragona;12807;39
Teruel;1833;39
Toledo;11500;39
Valencia/Valencia;40650;39
Valladolid;7850;39
Zamora;2189;39
Zaragoza;14813;39
Ceuta;1285;39
Melilla;1194;39
Albacete;6050;40
Alicante/Alacant;30197;40
Almeria;12060;40
Araba/Alava;5345;40
Asturias;15772;40
Avila;2170;40
Badajoz;9864;40
Balears Illes;21781;40
Barcelona;91769;40
Bizkaia;17244;40
Burgos;5208;40
Caceres;5411;40
Cadiz;20404;40
Cantabria;9621;40
Castellon/Castello;9738;40
CiudadReal;7389;40
Cordoba;11642;40
CoruaA;18300;40
Cuenca;2850;40
Gipuzkoa;10573;40
Girona;12548;40
Granada;14459;40
Guadalajara;4764;40
Huelva;9053;40
Huesca;3360;40
Jaen;8865;40
Leon;6498;40
Lleida;7096;40
Lugo;4852;40
Madrid;113230;40
Malaga;27894;40
Murcia;25647;40
Navarra;10155;40
Ourense;4274;40
Palencia;2300;40
PalmasLas;19570;40
Pontevedra;16052;40
Rioja La;5150;40
Salamanca;4469;40
Santa Cruz de Tenerife;18165;40
Segovia;2204;40
Sevilla;33035;40
Soria;1249;40
Tarragona;13416;40
Teruel;1836;40
Toledo;11806;40
Valencia/Valencia;42863;40
Valladolid;8350;40
Zamora;2288;40
Zaragoza;15454;40
Ceuta;1249;40
Melilla;1155;40
Albacete;6149;41
Alicante/Alacant;31180;41
Almeria;12189;41
Araba/Alava;5453;41
Asturias;16572;41
Avila;2257;41
Badajoz;9964;41
Balears Illes;21892;41
Barcelona;95696;41
Bizkaia;18132;41
Burgos;5473;41
Caceres;5441;41
Cadiz;20894;41
Cantabria;9957;41
Castellon/Castello;9955;41
CiudadReal;7418;41
Cordoba;11847;41
CoruaA;19073;41
Cuenca;2897;41
Gipuzkoa;11309;41
Girona;12956;41
Granada;14662;41
Guadalajara;4913;41
Huelva;9178;41
Huesca;3511;41
Jaen;8882;41
Leon;6668;41
Lleida;7371;41
Lugo;4928;41
Madrid;116714;41
Malaga;28564;41
Murcia;26148;41
Navarra;10612;41
Ourense;4378;41
Palencia;2325;41
PalmasLas;19694;41
Pontevedra;16639;41
Rioja La;5290;41
Salamanca;4538;41
Santa Cruz de Tenerife;18475;41
Segovia;2228;41
Sevilla;34195;41
Soria;1238;41
Tarragona;14045;41
Teruel;1877;41
Toledo;12007;41
Valencia/Valencia;44455;41
Valladolid;8645;41
Zamora;2377;41
Zaragoza;16089;41
Ceuta;1250;41
Melilla;1146;41
Albacete;6191;42
Alicante/Alacant;31640;42
Almeria;12393;42
Araba/Alava;5628;42
Asturias;17178;42
Avila;2287;42
Badajoz;10140;42
Balears Illes;21991;42
Barcelona;97627;42
Bizkaia;18631;42
Burgos;5630;42
Caceres;5562;42
Cadiz;21209;42
Cantabria;10120;42
Castellon/Castello;10125;42
CiudadReal;7476;42
Cordoba;11939;42
CoruaA;19354;42
Cuenca;2990;42
Gipuzkoa;11775;42
Girona;12905;42
Granada;14589;42
Guadalajara;4973;42
Huelva;9347;42
Huesca;3543;42
Jaen;9000;42
Leon;6769;42
Lleida;7563;42
Lugo;4949;42
Madrid;119544;42
Malaga;28769;42
Murcia;26033;42
Navarra;10908;42
Ourense;4545;42
Palencia;2283;42
PalmasLas;19885;42
Pontevedra;16981;42
Rioja La;5361;42
Salamanca;4634;42
Santa Cruz de Tenerife;18945;42
Segovia;2312;42
Sevilla;34393;42
Soria;1284;42
Tarragona;14301;42
Teruel;1899;42
Toledo;12185;42
Valencia/Valencia;44934;42
Valladolid;8953;42
Zamora;2406;42
Zaragoza;16415;42
Ceuta;1261;42
Melilla;1139;42
Albacete;6313;43
Alicante/Alacant;31560;43
Almeria;12335;43
Araba/Alava;5731;43
Asturias;17370;43
Avila;2363;43
Badajoz;10306;43
Balears Illes;22029;43
Barcelona;98856;43
Bizkaia;18907;43
Burgos;5716;43
Caceres;5644;43
Cadiz;21153;43
Cantabria;10180;43
Castellon/Castello;10065;43
CiudadReal;7500;43
Cordoba;11926;43
CoruaA;19465;43
Cuenca;2980;43
Gipuzkoa;11798;43
Girona;12805;43
Granada;14597;43
Guadalajara;4983;43
Huelva;9302;43
Huesca;3521;43
Jaen;9191;43
Leon;6789;43
Lleida;7444;43
Lugo;4940;43
Madrid;121136;43
Malaga;28825;43
Murcia;25882;43
Navarra;11076;43
Ourense;4567;43
Palencia;2269;43
PalmasLas;20262;43
Pontevedra;17039;43
Rioja La;5372;43
Salamanca;4659;43
Santa Cruz de Tenerife;19231;43
Segovia;2335;43
Sevilla;34140;43
Soria;1317;43
Tarragona;14185;43
Teruel;1883;43
Toledo;12110;43
Valencia/Valencia;44852;43
Valladolid;9025;43
Zamora;2419;43
Zaragoza;16640;43
Ceuta;1329;43
Melilla;1113;43
Albacete;6300;44
Alicante/Alacant;31399;44
Almeria;11915;44
Araba/Alava;5573;44
Asturias;17261;44
Avila;2359;44
Badajoz;10264;44
Balears Illes;21826;44
Barcelona;98925;44
Bizkaia;18775;44
Burgos;5668;44
Caceres;5597;44
Cadiz;21027;44
Cantabria;9905;44
Castellon/Castello;9885;44
CiudadReal;7467;44
Cordoba;11877;44
CoruaA;19226;44
Cuenca;2924;44
Gipuzkoa;11846;44
Girona;12774;44
Granada;14521;44
Guadalajara;4880;44
Huelva;9093;44
Huesca;3497;44
Jaen;9163;44
Leon;6783;44
Lleida;7310;44
Lugo;4906;44
Madrid;120218;44
Malaga;28489;44
Murcia;25690;44
Navarra;11022;44
Ourense;4456;44
Palencia;2267;44
PalmasLas;20727;44
Pontevedra;16732;44
Rioja La;5276;44
Salamanca;4731;44
Santa Cruz de Tenerife;19299;44
Segovia;2386;44
Sevilla;33794;44
Soria;1294;44
Tarragona;13936;44
Teruel;1923;44
Toledo;11699;44
Valencia/Valencia;44640;44
Valladolid;8927;44
Zamora;2328;44
Zaragoza;16529;44
Ceuta;1334;44
Melilla;1106;44
Albacete;6204;45
Alicante/Alacant;31143;45
Almeria;11517;45
Araba/Alava;5453;45
Asturias;16929;45
Avila;2303;45
Badajoz;10268;45
Balears Illes;21459;45
Barcelona;96877;45
Bizkaia;18538;45
Burgos;5661;45
Caceres;5732;45
Cadiz;20746;45
Cantabria;9634;45
Castellon/Castello;9730;45
CiudadReal;7432;45
Cordoba;11676;45
CoruaA;18766;45
Cuenca;2936;45
Gipuzkoa;11821;45
Girona;12486;45
Granada;14350;45
Guadalajara;4749;45
Huelva;8955;45
Huesca;3416;45
Jaen;9125;45
Leon;6824;45
Lleida;7265;45
Lugo;4831;45
Madrid;117741;45
Malaga;28185;45
Murcia;25199;45
Navarra;10724;45
Ourense;4389;45
Palencia;2264;45
PalmasLas;21200;45
Pontevedra;16200;45
Rioja La;5176;45
Salamanca;4804;45
Santa Cruz de Tenerife;19466;45
Segovia;2402;45
Sevilla;33288;45
Soria;1261;45
Tarragona;13527;45
Teruel;1909;45
Toledo;11581;45
Valencia/Valencia;43629;45
Valladolid;8917;45
Zamora;2273;45
Zaragoza;16073;45
Ceuta;1247;45
Melilla;1062;45
Albacete;6102;46
Alicante/Alacant;30599;46
Almeria;11350;46
Araba/Alava;5390;46
Asturias;16789;46
Avila;2321;46
Badajoz;10405;46
Balears Illes;21031;46
Barcelona;94399;46
Bizkaia;18525;46
Burgos;5580;46
Caceres;5800;46
Cadiz;20593;46
Cantabria;9631;46
Castellon/Castello;9558;46
CiudadReal;7430;46
Cordoba;11656;46
CoruaA;18579;46
Cuenca;2901;46
Gipuzkoa;11693;46
Girona;12320;46
Granada;14184;46
Guadalajara;4641;46
Huelva;8850;46
Huesca;3403;46
Jaen;9293;46
Leon;6849;46
Lleida;7117;46
Lugo;4747;46
Madrid;114671;46
Malaga;28108;46
Murcia;24576;46
Navarra;10532;46
Ourense;4368;46
Palencia;2283;46
PalmasLas;21505;46
Pontevedra;15956;46
Rioja La;5077;46
Salamanca;4826;46
Santa Cruz de Tenerife;19411;46
Segovia;2332;46
Sevilla;32754;46
Soria;1283;46
Tarragona;13373;46
Teruel;1901;46
Toledo;11335;46
Valencia/Valencia;42531;46
Valladolid;8727;46
Zamora;2360;46
Zaragoza;15974;46
Ceuta;1237;46
Melilla;1039;46
Albacete;6069;47
Alicante/Alacant;30279;47
Almeria;11196;47
Araba/Alava;5389;47
Asturias;16779;47
Avila;2315;47
Badajoz;10424;47
Balears Illes;20740;47
Barcelona;92297;47
Bizkaia;18579;47
Burgos;5554;47
Caceres;5848;47
Cadiz;20424;47
Cantabria;9432;47
Castellon/Castello;9467;47
CiudadReal;7417;47
Cordoba;11788;47
CoruaA;18471;47
Cuenca;2895;47
Gipuzkoa;11543;47
Girona;12172;47
Granada;14136;47
Guadalajara;4569;47
Huelva;8785;47
Huesca;3382;47
Jaen;9372;47
Leon;6964;47
Lleida;6930;47
Lugo;4776;47
Madrid;112832;47
Malaga;27715;47
Murcia;24077;47
Navarra;10489;47
Ourense;4368;47
Palencia;2331;47
PalmasLas;21631;47
Pontevedra;15762;47
Rioja La;5011;47
Salamanca;4994;47
Santa Cruz de Tenerife;19169;47
Segovia;2373;47
Sevilla;32215;47
Soria;1316;47
Tarragona;13133;47
Teruel;1941;47
Toledo;11091;47
Valencia/Valencia;42336;47
Valladolid;8669;47
Zamora;2431;47
Zaragoza;15840;47
Ceuta;1226;47
Melilla;1066;47
Albacete;6107;48
Alicante/Alacant;30012;48
Almeria;10906;48
Araba/Alava;5294;48
Asturias;16380;48
Avila;2324;48
Badajoz;10329;48
Balears Illes;20075;48
Barcelona;90282;48
Bizkaia;18313;48
Burgos;5509;48
Caceres;5905;48
Cadiz;20479;48
Cantabria;9387;48
Castellon/Castello;9344;48
CiudadReal;7435;48
Cordoba;11839;48
CoruaA;18051;48
Cuenca;2981;48
Gipuzkoa;11253;48
Girona;11948;48
Granada;14046;48
Guadalajara;4434;48
Huelva;8634;48
Huesca;3367;48
Jaen;9481;48
Leon;7036;48
Lleida;6804;48
Lugo;4787;48
Madrid;109983;48
Malaga;27092;48
Murcia;23704;48
Navarra;10452;48
Ourense;4348;48
Palencia;2380;48
PalmasLas;21407;48
Pontevedra;15437;48
Rioja La;4944;48
Salamanca;5093;48
Santa Cruz de Tenerife;18897;48
Segovia;2403;48
Sevilla;31648;48
Soria;1317;48
Tarragona;12650;48
Teruel;1938;48
Toledo;11043;48
Valencia/Valencia;41828;48
Valladolid;8616;48
Zamora;2466;48
Zaragoza;15689;48
Ceuta;1221;48
Melilla;1081;48
Albacete;6231;49
Alicante/Alacant;29773;49
Almeria;10792;49
Araba/Alava;5184;49
Asturias;16143;49
Avila;2394;49
Badajoz;10367;49
Balears Illes;19365;49
Barcelona;87733;49
Bizkaia;18049;49
Burgos;5588;49
Caceres;5979;49
Cadiz;20493;49
Cantabria;9369;49
Castellon/Castello;9334;49
CiudadReal;7576;49
Cordoba;12065;49
CoruaA;17857;49
Cuenca;3094;49
Gipuzkoa;11063;49
Girona;11672;49
Granada;14068;49
Guadalajara;4269;49
Huelva;8565;49
Huesca;3436;49
Jaen;9714;49
Leon;7116;49
Lleida;6766;49
Lugo;4889;49
Madrid;107301;49
Malaga;26735;49
Murcia;23530;49
Navarra;10420;49
Ourense;4433;49
Palencia;2410;49
PalmasLas;20939;49
Pontevedra;15333;49
Rioja La;4940;49
Salamanca;5159;49
Santa Cruz de Tenerife;18512;49
Segovia;2440;49
Sevilla;31263;49
Soria;1388;49
Tarragona;12442;49
Teruel;1949;49
Toledo;10996;49
Valencia/Valencia;41103;49
Valladolid;8568;49
Zamora;2481;49
Zaragoza;15404;49
Ceuta;1218;49
Melilla;1137;49
Albacete;6326;50
Alicante/Alacant;29377;50
Almeria;10748;50
Araba/Alava;5177;50
Asturias;16034;50
Avila;2435;50
Badajoz;10457;50
Balears Illes;18938;50
Barcelona;85310;50
Bizkaia;17888;50
Burgos;5748;50
Caceres;6187;50
Cadiz;20197;50
Cantabria;9172;50
Castellon/Castello;9368;50
CiudadReal;7676;50
Cordoba;12150;50
CoruaA;17878;50
Cuenca;3199;50
Gipuzkoa;10946;50
Girona;11461;50
Granada;14331;50
Guadalajara;4245;50
Huelva;8616;50
Huesca;3406;50
Jaen;9886;50
Leon;7211;50
Lleida;6738;50
Lugo;5014;50
Madrid;105887;50
Malaga;26518;50
Murcia;23246;50
Navarra;10249;50
Ourense;4578;50
Palencia;2442;50
PalmasLas;20335;50
Pontevedra;15184;50
Rioja La;4880;50
Salamanca;5172;50
Santa Cruz de Tenerife;18164;50
Segovia;2466;50
Sevilla;31000;50
Soria;1399;50
Tarragona;12208;50
Teruel;1998;50
Toledo;10883;50
Valencia/Valencia;40551;50
Valladolid;8531;50
Zamora;2509;50
Zaragoza;15102;50
Ceuta;1155;50
Melilla;1123;50
Albacete;6284;51
Alicante/Alacant;29070;51
Almeria;10679;51
Araba/Alava;5163;51
Asturias;16200;51
Avila;2451;51
Badajoz;10622;51
Balears Illes;18642;51
Barcelona;84695;51
Bizkaia;17963;51
Burgos;5664;51
Caceres;6284;51
Cadiz;20324;51
Cantabria;9243;51
Castellon/Castello;9442;51
CiudadReal;7798;51
Cordoba;12468;51
CoruaA;17693;51
Cuenca;3239;51
Gipuzkoa;10994;51
Girona;11428;51
Granada;14616;51
Guadalajara;4225;51
Huelva;8628;51
Huesca;3360;51
Jaen;10175;51
Leon;7230;51
Lleida;6704;51
Lugo;5030;51
Madrid;104663;51
Malaga;26543;51
Murcia;23220;51
Navarra;10057;51
Ourense;4657;51
Palencia;2513;51
PalmasLas;19929;51
Pontevedra;15016;51
Rioja La;4864;51
Salamanca;5215;51
Santa Cruz de Tenerife;18104;51
Segovia;2499;51
Sevilla;31071;51
Soria;1415;51
Tarragona;12179;51
Teruel;2060;51
Toledo;10608;51
Valencia/Valencia;40618;51
Valladolid;8477;51
Zamora;2640;51
Zaragoza;15141;51
Ceuta;1152;51
Melilla;1114;51
Albacete;6185;52
Alicante/Alacant;28747;52
Almeria;10542;52
Araba/Alava;5140;52
Asturias;16260;52
Avila;2511;52
Badajoz;10611;52
Balears Illes;18312;52
Barcelona;83601;52
Bizkaia;18097;52
Burgos;5525;52
Caceres;6356;52
Cadiz;20077;52
Cantabria;9274;52
Castellon/Castello;9193;52
CiudadReal;7778;52
Cordoba;12608;52
CoruaA;17409;52
Cuenca;3220;52
Gipuzkoa;11032;52
Girona;11320;52
Granada;14603;52
Guadalajara;4111;52
Huelva;8348;52
Huesca;3384;52
Jaen;10072;52
Leon;7301;52
Lleida;6613;52
Lugo;5072;52
Madrid;102282;52
Malaga;26247;52
Murcia;23063;52
Navarra;9947;52
Ourense;4621;52
Palencia;2581;52
PalmasLas;19651;52
Pontevedra;14627;52
Rioja La;4823;52
Salamanca;5264;52
Santa Cruz de Tenerife;18068;52
Segovia;2547;52
Sevilla;30739;52
Soria;1457;52
Tarragona;12159;52
Teruel;2093;52
Toledo;10248;52
Valencia/Valencia;40262;52
Valladolid;8323;52
Zamora;2693;52
Zaragoza;14962;52
Ceuta;1195;52
Melilla;1162;52
Albacete;6171;53
Alicante/Alacant;28177;53
Almeria;10281;53
Araba/Alava;5085;53
Asturias;16074;53
Avila;2503;53
Badajoz;10587;53
Balears Illes;17896;53
Barcelona;81774;53
Bizkaia;18166;53
Burgos;5609;53
Caceres;6469;53
Cadiz;19665;53
Cantabria;9205;53
Castellon/Castello;8793;53
CiudadReal;7745;53
Cordoba;12363;53
CoruaA;17139;53
Cuenca;3142;53
Gipuzkoa;11023;53
Girona;11113;53
Granada;14498;53
Guadalajara;4003;53
Huelva;7921;53
Huesca;3377;53
Jaen;10147;53
Leon;7431;53
Lleida;6537;53
Lugo;5031;53
Madrid;99760;53
Malaga;25629;53
Murcia;22341;53
Navarra;9823;53
Ourense;4511;53
Palencia;2628;53
PalmasLas;19439;53
Pontevedra;14197;53
Rioja La;4706;53
Salamanca;5331;53
Santa Cruz de Tenerife;17845;53
Segovia;2511;53
Sevilla;30091;53
Soria;1456;53
Tarragona;11774;53
Teruel;2091;53
Toledo;10139;53
Valencia/Valencia;39338;53
Valladolid;8182;53
Zamora;2724;53
Zaragoza;14593;53
Ceuta;1176;53
Melilla;1148;53
Albacete;6295;54
Alicante/Alacant;28538;54
Almeria;10189;54
Araba/Alava;5099;54
Asturias;16438;54
Avila;2513;54
Badajoz;10894;54
Balears Illes;17651;54
Barcelona;81083;54
Bizkaia;18483;54
Burgos;5768;54
Caceres;6607;54
Cadiz;19723;54
Cantabria;9011;54
Castellon/Castello;8594;54
CiudadReal;7990;54
Cordoba;12694;54
CoruaA;17047;54
Cuenca;3167;54
Gipuzkoa;11105;54
Girona;11152;54
Granada;14642;54
Guadalajara;3942;54
Huelva;7860;54
Huesca;3399;54
Jaen;10682;54
Leon;7617;54
Lleida;6551;54
Lugo;5054;54
Madrid;98894;54
Malaga;25746;54
Murcia;21865;54
Navarra;9827;54
Ourense;4469;54
Palencia;2709;54
PalmasLas;19420;54
Pontevedra;13844;54
Rioja La;4722;54
Salamanca;5490;54
Santa Cruz de Tenerife;17731;54
Segovia;2580;54
Sevilla;30090;54
Soria;1490;54
Tarragona;11612;54
Teruel;2130;54
Toledo;10200;54
Valencia/Valencia;39208;54
Valladolid;8150;54
Zamora;2815;54
Zaragoza;14637;54
Ceuta;1234;54
Melilla;1127;54
Albacete;6234;55
Alicante/Alacant;28285;55
Almeria;9944;55
Araba/Alava;5018;55
Asturias;16463;55
Avila;2562;55
Badajoz;10819;55
Balears Illes;17148;55
Barcelona;78417;55
Bizkaia;18317;55
Burgos;5742;55
Caceres;6651;55
Cadiz;19147;55
Cantabria;8909;55
Castellon/Castello;8402;55
CiudadReal;7847;55
Cordoba;12704;55
CoruaA;16828;55
Cuenca;3263;55
Gipuzkoa;10935;55
Girona;10957;55
Granada;14196;55
Guadalajara;3846;55
Huelva;7770;55
Huesca;3423;55
Jaen;10470;55
Leon;7625;55
Lleida;6399;55
Lugo;5023;55
Madrid;96529;55
Malaga;25292;55
Murcia;21204;55
Navarra;9645;55
Ourense;4457;55
Palencia;2706;55
PalmasLas;18895;55
Pontevedra;13424;55
Rioja La;4695;55
Salamanca;5403;55
Santa Cruz de Tenerife;17229;55
Segovia;2586;55
Sevilla;29380;55
Soria;1478;55
Tarragona;11331;55
Teruel;2143;55
Toledo;9946;55
Valencia/Valencia;38168;55
Valladolid;8083;55
Zamora;2842;55
Zaragoza;14507;55
Ceuta;1223;55
Melilla;1081;55
Albacete;5936;56
Alicante/Alacant;26882;56
Almeria;9419;56
Araba/Alava;4849;56
Asturias;16274;56
Avila;2581;56
Badajoz;10369;56
Balears Illes;16242;56
Barcelona;74558;56
Bizkaia;17753;56
Burgos;5607;56
Caceres;6544;56
Cadiz;17981;56
Cantabria;8812;56
Castellon/Castello;8214;56
CiudadReal;7377;56
Cordoba;11979;56
CoruaA;16359;56
Cuenca;3200;56
Gipuzkoa;10475;56
Girona;10508;56
Granada;13375;56
Guadalajara;3661;56
Huelva;7331;56
Huesca;3365;56
Jaen;9846;56
Leon;7533;56
Lleida;6186;56
Lugo;5033;56
Madrid;92528;56
Malaga;24039;56
Murcia;19825;56
Navarra;9273;56
Ourense;4442;56
Palencia;2663;56
PalmasLas;17871;56
Pontevedra;13196;56
Rioja La;4579;56
Salamanca;5267;56
Santa Cruz de Tenerife;16511;56
Segovia;2472;56
Sevilla;27401;56
Soria;1439;56
Tarragona;10956;56
Teruel;2088;56
Toledo;9495;56
Valencia/Valencia;36356;56
Valladolid;7825;56
Zamora;2867;56
Zaragoza;13993;56
Ceuta;1130;56
Melilla;1037;56
Albacete;5712;57
Alicante/Alacant;26057;57
Almeria;9084;57
Araba/Alava;4746;57
Asturias;16280;57
Avila;2594;57
Badajoz;10045;57
Balears Illes;15448;57
Barcelona;72118;57
Bizkaia;17341;57
Burgos;5443;57
Caceres;6416;57
Cadiz;17313;57
Cantabria;8696;57
Castellon/Castello;7963;57
CiudadReal;7376;57
Cordoba;11511;57
CoruaA;16102;57
Cuenca;3093;57
Gipuzkoa;10295;57
Girona;10243;57
Granada;12986;57
Guadalajara;3494;57
Huelva;7008;57
Huesca;3256;57
Jaen;9596;57
Leon;7519;57
Lleida;6225;57
Lugo;5148;57
Madrid;88644;57
Malaga;22862;57
Murcia;18938;57
Navarra;9031;57
Ourense;4535;57
Palencia;2665;57
PalmasLas;16878;57
Pontevedra;13184;57
Rioja La;4530;57
Salamanca;5184;57
Santa Cruz de Tenerife;15866;57
Segovia;2423;57
Sevilla;25851;57
Soria;1417;57
Tarragona;10815;57
Teruel;2057;57
Toledo;9238;57
Valencia/Valencia;35313;57
Valladolid;7678;57
Zamora;2855;57
Zaragoza;13681;57
Ceuta;1096;57
Melilla;1033;57
Albacete;5672;58
Alicante/Alacant;25689;58
Almeria;9043;58
Araba/Alava;4671;58
Asturias;16427;58
Avila;2600;58
Badajoz;9912;58
Balears Illes;15317;58
Barcelona;70963;58
Bizkaia;17294;58
Burgos;5501;58
Caceres;6391;58
Cadiz;17140;58
Cantabria;8761;58
Castellon/Castello;7934;58
CiudadReal;7465;58
Cordoba;11401;58
CoruaA;16201;58
Cuenca;3130;58
Gipuzkoa;10309;58
Girona;10103;58
Granada;12885;58
Guadalajara;3404;58
Huelva;6905;58
Huesca;3204;58
Jaen;9652;58
Leon;7546;58
Lleida;6134;58
Lugo;5148;58
Madrid;86324;58
Malaga;22285;58
Murcia;18685;58
Navarra;8849;58
Ourense;4687;58
Palencia;2702;58
PalmasLas;16049;58
Pontevedra;13294;58
Rioja La;4535;58
Salamanca;5188;58
Santa Cruz de Tenerife;15205;58
Segovia;2347;58
Sevilla;25391;58
Soria;1406;58
Tarragona;10700;58
Teruel;2072;58
Toledo;9172;58
Valencia/Valencia;35113;58
Valladolid;7722;58
Zamora;2827;58
Zaragoza;13564;58
Ceuta;1110;58
Melilla;1051;58
Albacete;5595;59
Alicante/Alacant;25296;59
Almeria;8926;59
Araba/Alava;4603;59
Asturias;16653;59
Avila;2517;59
Badajoz;9658;59
Balears Illes;14958;59
Barcelona;70369;59
Bizkaia;17521;59
Burgos;5526;59
Caceres;6295;59
Cadiz;17067;59
Cantabria;8849;59
Castellon/Castello;7812;59
CiudadReal;7256;59
Cordoba;11154;59
CoruaA;16188;59
Cuenca;3050;59
Gipuzkoa;10309;59
Girona;9989;59
Granada;12665;59
Guadalajara;3322;59
Huelva;6783;59
Huesca;3192;59
Jaen;9302;59
Leon;7547;59
Lleida;5891;59
Lugo;5070;59
Madrid;84429;59
Malaga;22063;59
Murcia;18427;59
Navarra;8637;59
Ourense;4654;59
Palencia;2716;59
PalmasLas;15014;59
Pontevedra;13120;59
Rioja La;4550;59
Salamanca;5136;59
Santa Cruz de Tenerife;14521;59
Segovia;2335;59
Sevilla;24635;59
Soria;1381;59
Tarragona;10540;59
Teruel;2037;59
Toledo;9041;59
Valencia/Valencia;35127;59
Valladolid;7656;59
Zamora;2800;59
Zaragoza;13400;59
Ceuta;1112;59
Melilla;1043;59
Albacete;5315;60
Alicante/Alacant;24798;60
Almeria;8693;60
Araba/Alava;4500;60
Asturias;16503;60
Avila;2409;60
Badajoz;9269;60
Balears Illes;14266;60
Barcelona;69419;60
Bizkaia;17210;60
Burgos;5363;60
Caceres;6074;60
Cadiz;16705;60
Cantabria;8840;60
Castellon/Castello;7494;60
CiudadReal;6951;60
Cordoba;10948;60
CoruaA;15865;60
Cuenca;2834;60
Gipuzkoa;10145;60
Girona;9730;60
Granada;12463;60
Guadalajara;3201;60
Huelva;6665;60
Huesca;3135;60
Jaen;8936;60
Leon;7335;60
Lleida;5661;60
Lugo;4936;60
Madrid;81662;60
Malaga;21403;60
Murcia;17938;60
Navarra;8384;60
Ourense;4509;60
Palencia;2664;60
PalmasLas;14133;60
Pontevedra;12785;60
Rioja La;4358;60
Salamanca;4981;60
Santa Cruz de Tenerife;13629;60
Segovia;2290;60
Sevilla;23808;60
Soria;1342;60
Tarragona;10231;60
Teruel;1977;60
Toledo;8666;60
Valencia/Valencia;33953;60
Valladolid;7461;60
Zamora;2718;60
Zaragoza;13005;60
Ceuta;1039;60
Melilla;1014;60
Albacete;5027;61
Alicante/Alacant;24385;61
Almeria;8422;61
Araba/Alava;4398;61
Asturias;16387;61
Avila;2330;61
Badajoz;8782;61
Balears Illes;13873;61
Barcelona;68080;61
Bizkaia;16774;61
Burgos;5299;61
Caceres;5825;61
Cadiz;16350;61
Cantabria;8750;61
Castellon/Castello;7248;61
CiudadReal;6616;61
Cordoba;10597;61
CoruaA;15614;61
Cuenca;2665;61
Gipuzkoa;9782;61
Girona;9460;61
Granada;12124;61
Guadalajara;3045;61
Huelva;6529;61
Huesca;3033;61
Jaen;8611;61
Leon;7194;61
Lleida;5433;61
Lugo;4823;61
Madrid;79570;61
Malaga;20844;61
Murcia;17256;61
Navarra;8255;61
Ourense;4430;61
Palencia;2673;61
PalmasLas;13644;61
Pontevedra;12517;61
Rioja La;4203;61
Salamanca;4878;61
Santa Cruz de Tenerife;13120;61
Segovia;2179;61
Sevilla;23497;61
Soria;1283;61
Tarragona;9993;61
Teruel;1932;61
Toledo;8361;61
Valencia/Valencia;32449;61
Valladolid;7329;61
Zamora;2653;61
Zaragoza;12711;61
Ceuta;981;61
Melilla;983;61
Albacete;4526;62
Alicante/Alacant;23168;62
Almeria;7789;62
Araba/Alava;4285;62
Asturias;16124;62
Avila;2214;62
Badajoz;8101;62
Balears Illes;13179;62
Barcelona;64952;62
Bizkaia;16145;62
Burgos;5107;62
Caceres;5380;62
Cadiz;15259;62
Cantabria;8356;62
Castellon/Castello;6805;62
CiudadReal;6094;62
Cordoba;9819;62
CoruaA;15216;62
Cuenca;2424;62
Gipuzkoa;9505;62
Girona;9024;62
Granada;11180;62
Guadalajara;2872;62
Huelva;6024;62
Huesca;2892;62
Jaen;8016;62
Leon;7051;62
Lleida;5152;62
Lugo;4720;62
Madrid;75942;62
Malaga;19833;62
Murcia;15819;62
Navarra;8033;62
Ourense;4317;62
Palencia;2636;62
PalmasLas;13063;62
Pontevedra;12235;62
Rioja La;4110;62
Salamanca;4660;62
Santa Cruz de Tenerife;12859;62
Segovia;2089;62
Sevilla;22040;62
Soria;1192;62
Tarragona;9550;62
Teruel;1806;62
Toledo;7905;62
Valencia/Valencia;30885;62
Valladolid;7183;62
Zamora;2606;62
Zaragoza;12261;62
Ceuta;897;62
Melilla;918;62
Albacete;4101;63
Alicante/Alacant;22230;63
Almeria;7309;63
Araba/Alava;4135;63
Asturias;15456;63
Avila;2116;63
Badajoz;7579;63
Balears Illes;12506;63
Barcelona;61837;63
Bizkaia;15261;63
Burgos;4780;63
Caceres;5004;63
Cadiz;14177;63
Cantabria;7865;63
Castellon/Castello;6563;63
CiudadReal;5483;63
Cordoba;9187;63
CoruaA;14581;63
Cuenca;2214;63
Gipuzkoa;9132;63
Girona;8727;63
Granada;10326;63
Guadalajara;2725;63
Huelva;5636;63
Huesca;2768;63
Jaen;7440;63
Leon;6672;63
Lleida;4852;63
Lugo;4596;63
Madrid;71935;63
Malaga;18858;63
Murcia;14617;63
Navarra;7598;63
Ourense;4083;63
Palencia;2507;63
PalmasLas;12609;63
Pontevedra;11914;63
Rioja La;3855;63
Salamanca;4390;63
Santa Cruz de Tenerife;12443;63
Segovia;1948;63
Sevilla;20627;63
Soria;1098;63
Tarragona;9261;63
Teruel;1669;63
Toledo;7348;63
Valencia/Valencia;29451;63
Valladolid;6889;63
Zamora;2509;63
Zaragoza;11721;63
Ceuta;850;63
Melilla;830;63
Albacete;3960;64
Alicante/Alacant;21519;64
Almeria;7046;64
Araba/Alava;3980;64
Asturias;14817;64
Avila;1990;64
Badajoz;7129;64
Balears Illes;12070;64
Barcelona;59867;64
Bizkaia;14583;64
Burgos;4572;64
Caceres;4769;64
Cadiz;13525;64
Cantabria;7564;64
Castellon/Castello;6374;64
CiudadReal;5135;64
Cordoba;8743;64
CoruaA;14147;64
Cuenca;2083;64
Gipuzkoa;8710;64
Girona;8515;64
Granada;9811;64
Guadalajara;2549;64
Huelva;5364;64
Huesca;2642;64
Jaen;6795;64
Leon;6291;64
Lleida;4679;64
Lugo;4470;64
Madrid;68588;64
Malaga;18270;64
Murcia;14053;64
Navarra;7208;64
Ourense;4040;64
Palencia;2330;64
PalmasLas;12099;64
Pontevedra;11481;64
Rioja La;3665;64
Salamanca;4211;64
Santa Cruz de Tenerife;11985;64
Segovia;1810;64
Sevilla;19699;64
Soria;1025;64
Tarragona;9112;64
Teruel;1524;64
Toledo;6910;64
Valencia/Valencia;28341;64
Valladolid;6547;64
Zamora;2383;64
Zaragoza;11165;64
Ceuta;807;64
Melilla;747;64
Albacete;3897;65
Alicante/Alacant;20916;65
Almeria;6808;65
Araba/Alava;3873;65
Asturias;14542;65
Avila;1893;65
Badajoz;6962;65
Balears Illes;11678;65
Barcelona;58782;65
Bizkaia;14144;65
Burgos;4489;65
Caceres;4669;65
Cadiz;13130;65
Cantabria;7379;65
Castellon/Castello;6060;65
CiudadReal;5102;65
Cordoba;8509;65
CoruaA;14000;65
Cuenca;2021;65
Gipuzkoa;8600;65
Girona;8180;65
Granada;9525;65
Guadalajara;2394;65
Huelva;5085;65
Huesca;2552;65
Jaen;6705;65
Leon;6014;65
Lleida;4618;65
Lugo;4403;65
Madrid;66414;65
Malaga;17732;65
Murcia;13660;65
Navarra;7001;65
Ourense;4152;65
Palencia;2225;65
PalmasLas;11574;65
Pontevedra;11270;65
Rioja La;3564;65
Salamanca;4097;65
Santa Cruz de Tenerife;11555;65
Segovia;1714;65
Sevilla;19255;65
Soria;1058;65
Tarragona;8831;65
Teruel;1516;65
Toledo;6586;65
Valencia/Valencia;27458;65
Valladolid;6371;65
Zamora;2329;65
Zaragoza;10700;65
Ceuta;754;65
Melilla;684;65
Albacete;3869;66
Alicante/Alacant;21312;66
Almeria;6746;66
Araba/Alava;3846;66
Asturias;14399;66
Avila;1901;66
Badajoz;6976;66
Balears Illes;11606;66
Barcelona;58431;66
Bizkaia;13999;66
Burgos;4406;66
Caceres;4641;66
Cadiz;13165;66
Cantabria;7280;66
Castellon/Castello;6098;66
CiudadReal;5199;66
Cordoba;8335;66
CoruaA;14042;66
Cuenca;2075;66
Gipuzkoa;8606;66
Girona;8018;66
Granada;9317;66
Guadalajara;2291;66
Huelva;5047;66
Huesca;2520;66
Jaen;6756;66
Leon;5859;66
Lleida;4586;66
Lugo;4310;66
Madrid;65732;66
Malaga;17564;66
Murcia;13543;66
Navarra;6925;66
Ourense;4161;66
Palencia;2199;66
PalmasLas;11476;66
Pontevedra;11225;66
Rioja La;3461;66
Salamanca;3991;66
Santa Cruz de Tenerife;11071;66
Segovia;1653;66
Sevilla;19323;66
Soria;1043;66
Tarragona;8824;66
Teruel;1569;66
Toledo;6554;66
Valencia/Valencia;27533;66
Valladolid;6371;66
Zamora;2359;66
Zaragoza;10708;66
Ceuta;710;66
Melilla;662;66
Albacete;3635;67
Alicante/Alacant;20988;67
Almeria;6531;67
Araba/Alava;3701;67
Asturias;13758;67
Avila;1843;67
Badajoz;6813;67
Balears Illes;11200;67
Barcelona;56410;67
Bizkaia;13316;67
Burgos;4209;67
Caceres;4351;67
Cadiz;12469;67
Cantabria;6980;67
Castellon/Castello;6025;67
CiudadReal;4873;67
Cordoba;7723;67
CoruaA;13570;67
Cuenca;1998;67
Gipuzkoa;8371;67
Girona;7714;67
Granada;8885;67
Guadalajara;2118;67
Huelva;4919;67
Huesca;2354;67
Jaen;6060;67
Leon;5679;67
Lleida;4299;67
Lugo;4065;67
Madrid;63151;67
Malaga;16967;67
Murcia;13096;67
Navarra;6732;67
Ourense;4031;67
Palencia;2055;67
PalmasLas;11156;67
Pontevedra;10716;67
Rioja La;3319;67
Salamanca;3811;67
Santa Cruz de Tenerife;10717;67
Segovia;1565;67
Sevilla;18549;67
Soria;947;67
Tarragona;8579;67
Teruel;1430;67
Toledo;6318;67
Valencia/Valencia;26729;67
Valladolid;6166;67
Zamora;2222;67
Zaragoza;10415;67
Ceuta;619;67
Melilla;607;67
Albacete;3495;68
Alicante/Alacant;20164;68
Almeria;6140;68
Araba/Alava;3545;68
Asturias;13208;68
Avila;1752;68
Badajoz;6328;68
Balears Illes;10465;68
Barcelona;53701;68
Bizkaia;12928;68
Burgos;4020;68
Caceres;4010;68
Cadiz;11353;68
Cantabria;6761;68
Castellon/Castello;5711;68
CiudadReal;4582;68
Cordoba;6744;68
CoruaA;13098;68
Cuenca;1904;68
Gipuzkoa;8143;68
Girona;7394;68
Granada;8395;68
Guadalajara;2067;68
Huelva;4654;68
Huesca;2208;68
Jaen;5339;68
Leon;5510;68
Lleida;4071;68
Lugo;3963;68
Madrid;60817;68
Malaga;15893;68
Murcia;12490;68
Navarra;6457;68
Ourense;4012;68
Palencia;1970;68
PalmasLas;10461;68
Pontevedra;10377;68
Rioja La;3201;68
Salamanca;3736;68
Santa Cruz de Tenerife;10459;68
Segovia;1528;68
Sevilla;16870;68
Soria;954;68
Tarragona;8053;68
Teruel;1362;68
Toledo;6000;68
Valencia/Valencia;25428;68
Valladolid;6093;68
Zamora;2114;68
Zaragoza;9943;68
Ceuta;574;68
Melilla;541;68
Albacete;3538;69
Alicante/Alacant;20116;69
Almeria;5941;69
Araba/Alava;3639;69
Asturias;13283;69
Avila;1770;69
Badajoz;6172;69
Balears Illes;10288;69
Barcelona;54201;69
Bizkaia;13255;69
Burgos;4016;69
Caceres;3927;69
Cadiz;11040;69
Cantabria;6721;69
Castellon/Castello;5681;69
CiudadReal;4730;69
Cordoba;6767;69
CoruaA;13429;69
Cuenca;1956;69
Gipuzkoa;8240;69
Girona;7240;69
Granada;8290;69
Guadalajara;2082;69
Huelva;4574;69
Huesca;2264;69
Jaen;5492;69
Leon;5432;69
Lleida;4072;69
Lugo;4032;69
Madrid;61419;69
Malaga;15817;69
Murcia;12166;69
Navarra;6434;69
Ourense;4182;69
Palencia;1959;69
PalmasLas;10022;69
Pontevedra;10881;69
Rioja La;3212;69
Salamanca;3839;69
Santa Cruz de Tenerife;10100;69
Segovia;1534;69
Sevilla;16505;69
Soria;978;69
Tarragona;8004;69
Teruel;1379;69
Toledo;6030;69
Valencia/Valencia;25305;69
Valladolid;6202;69
Zamora;2206;69
Zaragoza;9991;69
Ceuta;563;69
Melilla;513;69
Albacete;3665;70
Alicante/Alacant;20763;70
Almeria;6080;70
Araba/Alava;3740;70
Asturias;13543;70
Avila;1832;70
Badajoz;6671;70
Balears Illes;10596;70
Barcelona;56857;70
Bizkaia;13427;70
Burgos;4055;70
Caceres;3996;70
Cadiz;11609;70
Cantabria;6751;70
Castellon/Castello;5923;70
CiudadReal;4968;70
Cordoba;7644;70
CoruaA;13908;70
Cuenca;1993;70
Gipuzkoa;8474;70
Girona;7440;70
Granada;8575;70
Guadalajara;2025;70
Huelva;4831;70
Huesca;2356;70
Jaen;6062;70
Leon;5505;70
Lleida;4120;70
Lugo;4034;70
Madrid;63846;70
Malaga;16700;70
Murcia;12445;70
Navarra;6634;70
Ourense;4241;70
Palencia;1922;70
PalmasLas;9670;70
Pontevedra;11290;70
Rioja La;3294;70
Salamanca;3935;70
Santa Cruz de Tenerife;9818;70
Segovia;1557;70
Sevilla;17590;70
Soria;927;70
Tarragona;8304;70
Teruel;1362;70
Toledo;6161;70
Valencia/Valencia;25898;70
Valladolid;6365;70
Zamora;2334;70
Zaragoza;10216;70
Ceuta;526;70
Melilla;467;70
Albacete;3512;71
Alicante/Alacant;20583;71
Almeria;5980;71
Araba/Alava;3559;71
Asturias;13036;71
Avila;1795;71
Badajoz;6614;71
Balears Illes;10292;71
Barcelona;55332;71
Bizkaia;12859;71
Burgos;3880;71
Caceres;3821;71
Cadiz;11244;71
Cantabria;6500;71
Castellon/Castello;5714;71
CiudadReal;4822;71
Cordoba;7472;71
CoruaA;13364;71
Cuenca;1890;71
Gipuzkoa;8247;71
Girona;7334;71
Granada;8337;71
Guadalajara;1917;71
Huelva;4831;71
Huesca;2237;71
Jaen;5842;71
Leon;5268;71
Lleida;4027;71
Lugo;3939;71
Madrid;61898;71
Malaga;16584;71
Murcia;12151;71
Navarra;6478;71
Ourense;4102;71
Palencia;1833;71
PalmasLas;9157;71
Pontevedra;10449;71
Rioja La;3176;71
Salamanca;3764;71
Santa Cruz de Tenerife;9489;71
Segovia;1475;71
Sevilla;17238;71
Soria;865;71
Tarragona;8100;71
Teruel;1321;71
Toledo;6005;71
Valencia/Valencia;25087;71
Valladolid;6132;71
Zamora;2248;71
Zaragoza;9940;71
Ceuta;506;71
Melilla;421;71
Albacete;3126;72
Alicante/Alacant;19254;72
Almeria;5581;72
Araba/Alava;3354;72
Asturias;12364;72
Avila;1663;72
Badajoz;5796;72
Balears Illes;9496;72
Barcelona;50698;72
Bizkaia;12077;72
Burgos;3653;72
Caceres;3621;72
Cadiz;10313;72
Cantabria;5988;72
Castellon/Castello;5239;72
CiudadReal;4206;72
Cordoba;6487;72
CoruaA;12865;72
Cuenca;1707;72
Gipuzkoa;7876;72
Girona;6640;72
Granada;7647;72
Guadalajara;1757;72
Huelva;4267;72
Huesca;2107;72
Jaen;4964;72
Leon;4992;72
Lleida;3765;72
Lugo;3859;72
Madrid;56347;72
Malaga;15437;72
Murcia;11333;72
Navarra;6097;72
Ourense;4042;72
Palencia;1673;72
PalmasLas;8710;72
Pontevedra;9940;72
Rioja La;2987;72
Salamanca;3529;72
Santa Cruz de Tenerife;9203;72
Segovia;1377;72
Sevilla;15660;72
Soria;876;72
Tarragona;7519;72
Teruel;1258;72
Toledo;5439;72
Valencia/Valencia;23174;72
Valladolid;5474;72
Zamora;1963;72
Zaragoza;9432;72
Ceuta;486;72
Melilla;386;72
Albacete;3094;73
Alicante/Alacant;18364;73
Almeria;5258;73
Araba/Alava;3349;73
Asturias;12234;73
Avila;1646;73
Badajoz;5631;73
Balears Illes;9127;73
Barcelona;50338;73
Bizkaia;12015;73
Burgos;3635;73
Caceres;3720;73
Cadiz;10289;73
Cantabria;5638;73
Castellon/Castello;5155;73
CiudadReal;4129;73
Cordoba;6481;73
CoruaA;13062;73
Cuenca;1674;73
Gipuzkoa;7872;73
Girona;6290;73
Granada;7694;73
Guadalajara;1722;73
Huelva;4120;73
Huesca;2101;73
Jaen;4922;73
Leon;5092;73
Lleida;3656;73
Lugo;3942;73
Madrid;55288;73
Malaga;14942;73
Murcia;11333;73
Navarra;6065;73
Ourense;4278;73
Palencia;1624;73
PalmasLas;8605;73
Pontevedra;10362;73
Rioja La;2960;73
Salamanca;3641;73
Santa Cruz de Tenerife;9100;73
Segovia;1383;73
Sevilla;15646;73
Soria;891;73
Tarragona;7239;73
Teruel;1243;73
Toledo;5202;73
Valencia/Valencia;22594;73
Valladolid;5500;73
Zamora;2019;73
Zaragoza;9352;73
Ceuta;479;73
Melilla;392;73
Albacete;3156;74
Alicante/Alacant;17979;74
Almeria;4876;74
Araba/Alava;3304;74
Asturias;11583;74
Avila;1642;74
Badajoz;5978;74
Balears Illes;8795;74
Barcelona;49830;74
Bizkaia;11796;74
Burgos;3540;74
Caceres;3808;74
Cadiz;9998;74
Cantabria;5353;74
Castellon/Castello;5034;74
CiudadReal;4266;74
Cordoba;6831;74
CoruaA;12545;74
Cuenca;1758;74
Gipuzkoa;7551;74
Girona;6056;74
Granada;7567;74
Guadalajara;1691;74
Huelva;4208;74
Huesca;2045;74
Jaen;5136;74
Leon;4962;74
Lleida;3587;74
Lugo;3879;74
Madrid;55063;74
Malaga;14368;74
Murcia;10829;74
Navarra;5826;74
Ourense;4235;74
Palencia;1653;74
PalmasLas;8263;74
Pontevedra;9996;74
Rioja La;2885;74
Salamanca;3686;74
Santa Cruz de Tenerife;8833;74
Segovia;1375;74
Sevilla;15962;74
Soria;865;74
Tarragona;6918;74
Teruel;1274;74
Toledo;5260;74
Valencia/Valencia;22155;74
Valladolid;5610;74
Zamora;2128;74
Zaragoza;9031;74
Ceuta;459;74
Melilla;405;74
Albacete;3107;75
Alicante/Alacant;17139;75
Almeria;4557;75
Araba/Alava;3121;75
Asturias;10776;75
Avila;1589;75
Badajoz;5969;75
Balears Illes;8428;75
Barcelona;46786;75
Bizkaia;11187;75
Burgos;3402;75
Caceres;3807;75
Cadiz;9715;75
Cantabria;5072;75
Castellon/Castello;4859;75
CiudadReal;4202;75
Cordoba;6648;75
CoruaA;12128;75
Cuenca;1807;75
Gipuzkoa;7017;75
Girona;5757;75
Granada;7139;75
Guadalajara;1612;75
Huelva;4079;75
Huesca;1992;75
Jaen;5037;75
Leon;4778;75
Lleida;3431;75
Lugo;3784;75
Madrid;52519;75
Malaga;13531;75
Murcia;9697;75
Navarra;5497;75
Ourense;4047;75
Palencia;1654;75
PalmasLas;7499;75
Pontevedra;9227;75
Rioja La;2789;75
Salamanca;3631;75
Santa Cruz de Tenerife;8405;75
Segovia;1347;75
Sevilla;15449;75
Soria;879;75
Tarragona;6549;75
Teruel;1212;75
Toledo;5257;75
Valencia/Valencia;21245;75
Valladolid;5344;75
Zamora;2109;75
Zaragoza;8585;75
Ceuta;423;75
Melilla;378;75
Albacete;2899;76
Alicante/Alacant;15338;76
Almeria;4157;76
Araba/Alava;2747;76
Asturias;9486;76
Avila;1505;76
Badajoz;5317;76
Balears Illes;7725;76
Barcelona;41937;76
Bizkaia;10056;76
Burgos;3221;76
Caceres;3425;76
Cadiz;8700;76
Cantabria;4634;76
Castellon/Castello;4451;76
CiudadReal;3835;76
Cordoba;6077;76
CoruaA;11234;76
Cuenca;1685;76
Gipuzkoa;6245;76
Girona;5238;76
Granada;6551;76
Guadalajara;1421;76
Huelva;3600;76
Huesca;1814;76
Jaen;4711;76
Leon;4507;76
Lleida;3172;76
Lugo;3668;76
Madrid;47077;76
Malaga;12385;76
Murcia;8782;76
Navarra;5156;76
Ourense;3814;76
Palencia;1561;76
PalmasLas;7064;76
Pontevedra;8169;76
Rioja La;2600;76
Salamanca;3380;76
Santa Cruz de Tenerife;7972;76
Segovia;1272;76
Sevilla;13861;76
Soria;838;76
Tarragona;5968;76
Teruel;1088;76
Toledo;4880;76
Valencia/Valencia;19543;76
Valladolid;4896;76
Zamora;2017;76
Zaragoza;8067;76
Ceuta;408;76
Melilla;362;76
Albacete;2590;77
Alicante/Alacant;13503;77
Almeria;3584;77
Araba/Alava;2392;77
Asturias;8212;77
Avila;1384;77
Badajoz;4220;77
Balears Illes;6682;77
Barcelona;36688;77
Bizkaia;8970;77
Burgos;2901;77
Caceres;2876;77
Cadiz;6971;77
Cantabria;4163;77
Castellon/Castello;3943;77
CiudadReal;3124;77
Cordoba;5165;77
CoruaA;9963;77
Cuenca;1560;77
Gipuzkoa;5497;77
Girona;4737;77
Granada;5690;77
Guadalajara;1233;77
Huelva;2903;77
Huesca;1583;77
Jaen;4066;77
Leon;4186;77
Lleida;2876;77
Lugo;3440;77
Madrid;40628;77
Malaga;10460;77
Murcia;8045;77
Navarra;4581;77
Ourense;3502;77
Palencia;1371;77
PalmasLas;6426;77
Pontevedra;7348;77
Rioja La;2359;77
Salamanca;3062;77
Santa Cruz de Tenerife;7212;77
Segovia;1154;77
Sevilla;11322;77
Soria;766;77
Tarragona;5261;77
Teruel;1009;77
Toledo;3968;77
Valencia/Valencia;17273;77
Valladolid;4328;77
Zamora;1854;77
Zaragoza;7297;77
Ceuta;368;77
Melilla;315;77
Albacete;3016;78
Alicante/Alacant;14377;78
Almeria;3772;78
Araba/Alava;2393;78
Asturias;8123;78
Avila;1468;78
Badajoz;4484;78
Balears Illes;6448;78
Barcelona;39308;78
Bizkaia;9079;78
Burgos;2841;78
Caceres;3167;78
Cadiz;7271;78
Cantabria;4094;78
Castellon/Castello;4314;78
CiudadReal;3733;78
Cordoba;5389;78
CoruaA;9788;78
Cuenca;1925;78
Gipuzkoa;5530;78
Girona;4960;78
Granada;6120;78
Guadalajara;1382;78
Huelva;3156;78
Huesca;1547;78
Jaen;4713;78
Leon;4264;78
Lleida;2921;78
Lugo;3493;78
Madrid;43152;78
Malaga;10376;78
Murcia;8947;78
Navarra;4442;78
Ourense;3549;78
Palencia;1305;78
PalmasLas;5908;78
Pontevedra;7466;78
Rioja La;2409;78
Salamanca;3158;78
Santa Cruz de Tenerife;6901;78
Segovia;1179;78
Sevilla;11415;78
Soria;785;78
Tarragona;5662;78
Teruel;1110;78
Toledo;4339;78
Valencia/Valencia;19103;78
Valladolid;4311;78
Zamora;1907;78
Zaragoza;7255;78
Ceuta;362;78
Melilla;308;78
Albacete;2657;79
Alicante/Alacant;13038;79
Almeria;3393;79
Araba/Alava;2182;79
Asturias;7344;79
Avila;1339;79
Badajoz;4375;79
Balears Illes;5958;79
Barcelona;33942;79
Bizkaia;8120;79
Burgos;2516;79
Caceres;3152;79
Cadiz;7120;79
Cantabria;3589;79
Castellon/Castello;3651;79
CiudadReal;3440;79
Cordoba;5154;79
CoruaA;8613;79
Cuenca;1656;79
Gipuzkoa;4987;79
Girona;4095;79
Granada;5648;79
Guadalajara;1221;79
Huelva;3089;79
Huesca;1359;79
Jaen;4277;79
Leon;3856;79
Lleida;2345;79
Lugo;3134;79
Madrid;38502;79
Malaga;9827;79
Murcia;8001;79
Navarra;3970;79
Ourense;3198;79
Palencia;1156;79
PalmasLas;5275;79
Pontevedra;6612;79
Rioja La;2081;79
Salamanca;2848;79
Santa Cruz de Tenerife;6163;79
Segovia;1067;79
Sevilla;10999;79
Soria;693;79
Tarragona;4713;79
Teruel;962;79
Toledo;3939;79
Valencia/Valencia;16885;79
Valladolid;3852;79
Zamora;1728;79
Zaragoza;6483;79
Ceuta;358;79
Melilla;312;79
Albacete;2085;80
Alicante/Alacant;10918;80
Almeria;2776;80
Araba/Alava;1861;80
Asturias;6762;80
Avila;1126;80
Badajoz;3580;80
Balears Illes;5083;80
Barcelona;26622;80
Bizkaia;6988;80
Burgos;2172;80
Caceres;2594;80
Cadiz;5932;80
Cantabria;3193;80
Castellon/Castello;2753;80
CiudadReal;2646;80
Cordoba;4398;80
CoruaA;7378;80
Cuenca;1221;80
Gipuzkoa;4322;80
Girona;3156;80
Granada;4581;80
Guadalajara;982;80
Huelva;2408;80
Huesca;1250;80
Jaen;3376;80
Leon;3376;80
Lleida;1880;80
Lugo;2724;80
Madrid;30995;80
Malaga;8285;80
Murcia;6833;80
Navarra;3441;80
Ourense;2692;80
Palencia;986;80
PalmasLas;4523;80
Pontevedra;5581;80
Rioja La;1645;80
Salamanca;2466;80
Santa Cruz de Tenerife;5304;80
Segovia;903;80
Sevilla;9313;80
Soria;600;80
Tarragona;3534;80
Teruel;775;80
Toledo;3066;80
Valencia/Valencia;13184;80
Valladolid;3140;80
Zamora;1490;80
Zaragoza;5359;80
Ceuta;305;80
Melilla;259;80
Albacete;2511;81
Alicante/Alacant;11449;81
Almeria;3087;81
Araba/Alava;1848;81
Asturias;7268;81
Avila;1211;81
Badajoz;3832;81
Balears Illes;5099;81
Barcelona;31068;81
Bizkaia;7512;81
Burgos;2319;81
Caceres;2634;81
Cadiz;5676;81
Cantabria;3548;81
Castellon/Castello;3278;81
CiudadReal;3268;81
Cordoba;4534;81
CoruaA;8013;81
Cuenca;1569;81
Gipuzkoa;4560;81
Girona;3795;81
Granada;4919;81
Guadalajara;1177;81
Huelva;2297;81
Huesca;1508;81
Jaen;4171;81
Leon;3698;81
Lleida;2372;81
Lugo;3030;81
Madrid;33933;81
Malaga;8403;81
Murcia;7523;81
Navarra;3491;81
Ourense;2875;81
Palencia;1061;81
PalmasLas;4516;81
Pontevedra;6002;81
Rioja La;1730;81
Salamanca;2669;81
Santa Cruz de Tenerife;5327;81
Segovia;1023;81
Sevilla;8834;81
Soria;664;81
Tarragona;4275;81
Teruel;990;81
Toledo;3770;81
Valencia/Valencia;15004;81
Valladolid;3168;81
Zamora;1656;81
Zaragoza;5533;81
Ceuta;270;81
Melilla;262;81
Albacete;2569;82
Alicante/Alacant;10669;82
Almeria;3160;82
Araba/Alava;2022;82
Asturias;7977;82
Avila;1381;82
Badajoz;4374;82
Balears Illes;5193;82
Barcelona;33646;82
Bizkaia;8221;82
Burgos;2611;82
Caceres;3048;82
Cadiz;5694;82
Cantabria;3838;82
Castellon/Castello;3442;82
CiudadReal;3435;82
Cordoba;4805;82
CoruaA;9047;82
Cuenca;1740;82
Gipuzkoa;4863;82
Girona;4215;82
Granada;5271;82
Guadalajara;1282;82
Huelva;2560;82
Huesca;1683;82
Jaen;4395;82
Leon;4341;82
Lleida;2736;82
Lugo;3463;82
Madrid;35596;82
Malaga;8448;82
Murcia;7253;82
Navarra;3734;82
Ourense;3387;82
Palencia;1232;82
PalmasLas;4671;82
Pontevedra;6652;82
Rioja La;2011;82
Salamanca;3013;82
Santa Cruz de Tenerife;5302;82
Segovia;1207;82
Sevilla;9132;82
Soria;763;82
Tarragona;4652;82
Teruel;1125;82
Toledo;4122;82
Valencia/Valencia;14944;82
Valladolid;3550;82
Zamora;2000;82
Zaragoza;6243;82
Ceuta;281;82
Melilla;278;82
Albacete;2474;83
Alicante/Alacant;9908;83
Almeria;3004;83
Araba/Alava;2048;83
Asturias;8242;83
Avila;1413;83
Badajoz;4523;83
Balears Illes;5048;83
Barcelona;32409;83
Bizkaia;8253;83
Burgos;2673;83
Caceres;3251;83
Cadiz;5448;83
Cantabria;3860;83
Castellon/Castello;3251;83
CiudadReal;3296;83
Cordoba;4837;83
CoruaA;9231;83
Cuenca;1676;83
Gipuzkoa;4821;83
Girona;4086;83
Granada;5139;83
Guadalajara;1285;83
Huelva;2610;83
Huesca;1691;83
Jaen;4110;83
Leon;4549;83
Lleida;2737;83
Lugo;3578;83
Madrid;34439;83
Malaga;7703;83
Murcia;6895;83
Navarra;3900;83
Ourense;3542;83
Palencia;1314;83
PalmasLas;4548;83
Pontevedra;6740;83
Rioja La;2107;83
Salamanca;3125;83
Santa Cruz de Tenerife;5210;83
Segovia;1238;83
Sevilla;9136;83
Soria;817;83
Tarragona;4460;83
Teruel;1173;83
Toledo;3999;83
Valencia/Valencia;13935;83
Valladolid;3576;83
Zamora;2024;83
Zaragoza;6464;83
Ceuta;289;83
Melilla;266;83
Albacete;2273;84
Alicante/Alacant;9321;84
Almeria;2757;84
Araba/Alava;1861;84
Asturias;7914;84
Avila;1355;84
Badajoz;4058;84
Balears Illes;4621;84
Barcelona;29795;84
Bizkaia;7819;84
Burgos;2506;84
Caceres;3014;84
Cadiz;4890;84
Cantabria;3650;84
Castellon/Castello;3063;84
CiudadReal;3060;84
Cordoba;4412;84
CoruaA;8641;84
Cuenca;1569;84
Gipuzkoa;4575;84
Girona;3758;84
Granada;4682;84
Guadalajara;1243;84
Huelva;2316;84
Huesca;1616;84
Jaen;3853;84
Leon;4302;84
Lleida;2583;84
Lugo;3406;84
Madrid;31808;84
Malaga;6688;84
Murcia;6397;84
Navarra;3636;84
Ourense;3350;84
Palencia;1256;84
PalmasLas;4109;84
Pontevedra;6343;84
Rioja La;2002;84
Salamanca;2870;84
Santa Cruz de Tenerife;4866;84
Segovia;1156;84
Sevilla;8070;84
Soria;786;84
Tarragona;4109;84
Teruel;1137;84
Toledo;3749;84
Valencia/Valencia;13101;84
Valladolid;3225;84
Zamora;1823;84
Zaragoza;6028;84
Ceuta;252;84
Melilla;225;84
Albacete;2144;85
Alicante/Alacant;8664;85
Almeria;2482;85
Araba/Alava;1770;85
Asturias;7591;85
Avila;1326;85
Badajoz;3703;85
Balears Illes;4261;85
Barcelona;28068;85
Bizkaia;7508;85
Burgos;2436;85
Caceres;2835;85
Cadiz;4531;85
Cantabria;3490;85
Castellon/Castello;2932;85
CiudadReal;2954;85
Cordoba;4238;85
CoruaA;8062;85
Cuenca;1587;85
Gipuzkoa;4318;85
Girona;3526;85
Granada;4382;85
Guadalajara;1198;85
Huelva;2254;85
Huesca;1515;85
Jaen;3676;85
Leon;4113;85
Lleida;2520;85
Lugo;3234;85
Madrid;30347;85
Malaga;6002;85
Murcia;5931;85
Navarra;3375;85
Ourense;3193;85
Palencia;1190;85
PalmasLas;3777;85
Pontevedra;5851;85
Rioja La;1881;85
Salamanca;2670;85
Santa Cruz de Tenerife;4420;85
Segovia;1113;85
Sevilla;7481;85
Soria;760;85
Tarragona;3848;85
Teruel;1110;85
Toledo;3613;85
Valencia/Valencia;12351;85
Valladolid;2999;85
Zamora;1759;85
Zaragoza;5752;85
Ceuta;216;85
Melilla;186;85
Albacete;2013;86
Alicante/Alacant;7755;86
Almeria;2222;86
Araba/Alava;1653;86
Asturias;7145;86
Avila;1230;86
Badajoz;3509;86
Balears Illes;3927;86
Barcelona;26204;86
Bizkaia;7002;86
Burgos;2330;86
Caceres;2705;86
Cadiz;4293;86
Cantabria;3304;86
Castellon/Castello;2736;86
CiudadReal;2824;86
Cordoba;4002;86
CoruaA;7410;86
Cuenca;1463;86
Gipuzkoa;4007;86
Girona;3351;86
Granada;4058;86
Guadalajara;1178;86
Huelva;2090;86
Huesca;1451;86
Jaen;3357;86
Leon;3955;86
Lleida;2347;86
Lugo;3000;86
Madrid;28287;86
Malaga;5582;86
Murcia;5353;86
Navarra;3213;86
Ourense;3039;86
Palencia;1147;86
PalmasLas;3468;86
Pontevedra;5354;86
Rioja La;1779;86
Salamanca;2560;86
Santa Cruz de Tenerife;3960;86
Segovia;1044;86
Sevilla;7027;86
Soria;747;86
Tarragona;3572;86
Teruel;1085;86
Toledo;3430;86
Valencia/Valencia;11167;86
Valladolid;2766;86
Zamora;1675;86
Zaragoza;5457;86
Ceuta;192;86
Melilla;152;86
Albacete;1793;87
Alicante/Alacant;6655;87
Almeria;1961;87
Araba/Alava;1477;87
Asturias;6426;87
Avila;1154;87
Badajoz;3138;87
Balears Illes;3367;87
Barcelona;23288;87
Bizkaia;6256;87
Burgos;2158;87
Caceres;2444;87
Cadiz;3661;87
Cantabria;2981;87
Castellon/Castello;2345;87
CiudadReal;2494;87
Cordoba;3503;87
CoruaA;6433;87
Cuenca;1243;87
Gipuzkoa;3573;87
Girona;3067;87
Granada;3565;87
Guadalajara;1066;87
Huelva;1703;87
Huesca;1342;87
Jaen;2933;87
Leon;3655;87
Lleida;2103;87
Lugo;2680;87
Madrid;25055;87
Malaga;4875;87
Murcia;4676;87
Navarra;2875;87
Ourense;2664;87
Palencia;1074;87
PalmasLas;2917;87
Pontevedra;4727;87
Rioja La;1626;87
Salamanca;2404;87
Santa Cruz de Tenerife;3410;87
Segovia;955;87
Sevilla;5895;87
Soria;672;87
Tarragona;3254;87
Teruel;977;87
Toledo;3131;87
Valencia/Valencia;9720;87
Valladolid;2557;87
Zamora;1538;87
Zaragoza;4927;87
Ceuta;183;87
Melilla;135;87
Albacete;1651;88
Alicante/Alacant;5860;88
Almeria;1685;88
Araba/Alava;1334;88
Asturias;5692;88
Avila;1052;88
Badajoz;2557;88
Balears Illes;2924;88
Barcelona;20560;88
Bizkaia;5440;88
Burgos;1994;88
Caceres;2064;88
Cadiz;2962;88
Cantabria;2645;88
Castellon/Castello;2083;88
CiudadReal;2264;88
Cordoba;3033;88
CoruaA;5458;88
Cuenca;1166;88
Gipuzkoa;3090;88
Girona;2732;88
Granada;3086;88
Guadalajara;942;88
Huelva;1406;88
Huesca;1194;88
Jaen;2601;88
Leon;3096;88
Lleida;1925;88
Lugo;2355;88
Madrid;22070;88
Malaga;4200;88
Murcia;4181;88
Navarra;2595;88
Ourense;2262;88
Palencia;997;88
PalmasLas;2391;88
Pontevedra;4109;88
Rioja La;1436;88
Salamanca;2205;88
Santa Cruz de Tenerife;2824;88
Segovia;896;88
Sevilla;4901;88
Soria;614;88
Tarragona;2922;88
Teruel;897;88
Toledo;2827;88
Valencia/Valencia;8561;88
Valladolid;2335;88
Zamora;1396;88
Zaragoza;4327;88
Ceuta;163;88
Melilla;141;88
Albacete;1459;89
Alicante/Alacant;4992;89
Almeria;1407;89
Araba/Alava;1139;89
Asturias;4969;89
Avila;928;89
Badajoz;2143;89
Balears Illes;2565;89
Barcelona;17660;89
Bizkaia;4668;89
Burgos;1773;89
Caceres;1673;89
Cadiz;2428;89
Cantabria;2303;89
Castellon/Castello;1814;89
CiudadReal;1974;89
Cordoba;2561;89
CoruaA;4756;89
Cuenca;1038;89
Gipuzkoa;2652;89
Girona;2362;89
Granada;2568;89
Guadalajara;864;89
Huelva;1144;89
Huesca;1072;89
Jaen;2259;89
Leon;2670;89
Lleida;1677;89
Lugo;2065;89
Madrid;19386;89
Malaga;3537;89
Murcia;3577;89
Navarra;2310;89
Ourense;1997;89
Palencia;880;89
PalmasLas;2026;89
Pontevedra;3567;89
Rioja La;1268;89
Salamanca;1920;89
Santa Cruz de Tenerife;2356;89
Segovia;790;89
Sevilla;4242;89
Soria;581;89
Tarragona;2542;89
Teruel;796;89
Toledo;2487;89
Valencia/Valencia;7292;89
Valladolid;2001;89
Zamora;1212;89
Zaragoza;3779;89
Ceuta;139;89
Melilla;128;89
Albacete;1168;90
Alicante/Alacant;4082;90
Almeria;1165;90
Araba/Alava;936;90
Asturias;4109;90
Avila;788;90
Badajoz;1798;90
Balears Illes;2157;90
Barcelona;14606;90
Bizkaia;3945;90
Burgos;1514;90
Caceres;1456;90
Cadiz;1952;90
Cantabria;1945;90
Castellon/Castello;1466;90
CiudadReal;1595;90
Cordoba;2216;90
CoruaA;4013;90
Cuenca;869;90
Gipuzkoa;2271;90
Girona;1960;90
Granada;2035;90
Guadalajara;772;90
Huelva;940;90
Huesca;950;90
Jaen;1855;90
Leon;2388;90
Lleida;1408;90
Lugo;1809;90
Madrid;16621;90
Malaga;2787;90
Murcia;2872;90
Navarra;1942;90
Ourense;1726;90
Palencia;732;90
PalmasLas;1633;90
Pontevedra;2923;90
Rioja La;1024;90
Salamanca;1637;90
Santa Cruz de Tenerife;1970;90
Segovia;681;90
Sevilla;3453;90
Soria;499;90
Tarragona;2172;90
Teruel;681;90
Toledo;2089;90
Valencia/Valencia;6025;90
Valladolid;1667;90
Zamora;1007;90
Zaragoza;3149;90
Ceuta;109;90
Melilla;97;90
Albacete;926;91
Alicante/Alacant;3242;91
Almeria;961;91
Araba/Alava;798;91
Asturias;3380;91
Avila;652;91
Badajoz;1381;91
Balears Illes;1798;91
Barcelona;12154;91
Bizkaia;3264;91
Burgos;1288;91
Caceres;1239;91
Cadiz;1516;91
Cantabria;1622;91
Castellon/Castello;1186;91
CiudadReal;1284;91
Cordoba;1785;91
CoruaA;3254;91
Cuenca;723;91
Gipuzkoa;1888;91
Girona;1622;91
Granada;1609;91
Guadalajara;645;91
Huelva;728;91
Huesca;806;91
Jaen;1394;91
Leon;2009;91
Lleida;1186;91
Lugo;1547;91
Madrid;13783;91
Malaga;2196;91
Murcia;2252;91
Navarra;1604;91
Ourense;1434;91
Palencia;626;91
PalmasLas;1287;91
Pontevedra;2387;91
Rioja La;838;91
Salamanca;1376;91
Santa Cruz de Tenerife;1554;91
Segovia;572;91
Sevilla;2628;91
Soria;426;91
Tarragona;1769;91
Teruel;561;91
Toledo;1744;91
Valencia/Valencia;4882;91
Valladolid;1401;91
Zamora;872;91
Zaragoza;2562;91
Ceuta;81;91
Melilla;75;91
Albacete;735;92
Alicante/Alacant;2583;92
Almeria;754;92
Araba/Alava;636;92
Asturias;2697;92
Avila;553;92
Badajoz;1083;92
Balears Illes;1515;92
Barcelona;10049;92
Bizkaia;2593;92
Burgos;1059;92
Caceres;966;92
Cadiz;1147;92
Cantabria;1333;92
Castellon/Castello;974;92
CiudadReal;973;92
Cordoba;1369;92
CoruaA;2573;92
Cuenca;555;92
Gipuzkoa;1507;92
Girona;1337;92
Granada;1313;92
Guadalajara;547;92
Huelva;557;92
Huesca;650;92
Jaen;1023;92
Leon;1636;92
Lleida;942;92
Lugo;1248;92
Madrid;11116;92
Malaga;1714;92
Murcia;1727;92
Navarra;1310;92
Ourense;1135;92
Palencia;509;92
PalmasLas;1004;92
Pontevedra;1901;92
Rioja La;721;92
Salamanca;1148;92
Santa Cruz de Tenerife;1179;92
Segovia;459;92
Sevilla;1974;92
Soria;356;92
Tarragona;1439;92
Teruel;442;92
Toledo;1426;92
Valencia/Valencia;3975;92
Valladolid;1169;92
Zamora;714;92
Zaragoza;2071;92
Ceuta;65;92
Melilla;64;92
Albacete;584;93
Alicante/Alacant;2115;93
Almeria;600;93
Araba/Alava;520;93
Asturias;2187;93
Avila;440;93
Badajoz;884;93
Balears Illes;1156;93
Barcelona;8122;93
Bizkaia;2066;93
Burgos;861;93
Caceres;778;93
Cadiz;885;93
Cantabria;1056;93
Castellon/Castello;807;93
CiudadReal;772;93
Cordoba;1077;93
CoruaA;2027;93
Cuenca;421;93
Gipuzkoa;1187;93
Girona;1077;93
Granada;1034;93
Guadalajara;467;93
Huelva;447;93
Huesca;511;93
Jaen;799;93
Leon;1313;93
Lleida;760;93
Lugo;987;93
Madrid;9026;93
Malaga;1358;93
Murcia;1380;93
Navarra;1087;93
Ourense;954;93
Palencia;406;93
PalmasLas;792;93
Pontevedra;1528;93
Rioja La;597;93
Salamanca;992;93
Santa Cruz de Tenerife;960;93
Segovia;385;93
Sevilla;1522;93
Soria;285;93
Tarragona;1157;93
Teruel;364;93
Toledo;1127;93
Valencia/Valencia;3116;93
Valladolid;943;93
Zamora;564;93
Zaragoza;1636;93
Ceuta;53;93
Melilla;50;93
Albacete;445;94
Alicante/Alacant;1640;94
Almeria;445;94
Araba/Alava;410;94
Asturias;1738;94
Avila;335;94
Badajoz;677;94
Balears Illes;840;94
Barcelona;6313;94
Bizkaia;1605;94
Burgos;670;94
Caceres;580;94
Cadiz;671;94
Cantabria;805;94
Castellon/Castello;573;94
CiudadReal;609;94
Cordoba;801;94
CoruaA;1579;94
Cuenca;326;94
Gipuzkoa;900;94
Girona;812;94
Granada;767;94
Guadalajara;357;94
Huelva;337;94
Huesca;402;94
Jaen;595;94
Leon;995;94
Lleida;575;94
Lugo;753;94
Madrid;7165;94
Malaga;1025;94
Murcia;1035;94
Navarra;859;94
Ourense;743;94
Palencia;324;94
PalmasLas;629;94
Pontevedra;1222;94
Rioja La;477;94
Salamanca;801;94
Santa Cruz de Tenerife;761;94
Segovia;286;94
Sevilla;1184;94
Soria;221;94
Tarragona;872;94
Teruel;281;94
Toledo;885;94
Valencia/Valencia;2233;94
Valladolid;743;94
Zamora;440;94
Zaragoza;1328;94
Ceuta;37;94
Melilla;38;94
Albacete;313;95
Alicante/Alacant;1201;95
Almeria;306;95
Araba/Alava;308;95
Asturias;1283;95
Avila;275;95
Badajoz;479;95
Balears Illes;661;95
Barcelona;4769;95
Bizkaia;1182;95
Burgos;540;95
Caceres;426;95
Cadiz;505;95
Cantabria;650;95
Castellon/Castello;415;95
CiudadReal;457;95
Cordoba;594;95
CoruaA;1216;95
Cuenca;252;95
Gipuzkoa;697;95
Girona;594;95
Granada;543;95
Guadalajara;301;95
Huelva;249;95
Huesca;326;95
Jaen;433;95
Leon;771;95
Lleida;435;95
Lugo;583;95
Madrid;5453;95
Malaga;781;95
Murcia;730;95
Navarra;651;95
Ourense;554;95
Palencia;286;95
PalmasLas;491;95
Pontevedra;981;95
Rioja La;378;95
Salamanca;617;95
Santa Cruz de Tenerife;575;95
Segovia;234;95
Sevilla;892;95
Soria;196;95
Tarragona;664;95
Teruel;205;95
Toledo;679;95
Valencia/Valencia;1702;95
Valladolid;601;95
Zamora;338;95
Zaragoza;1053;95
Ceuta;28;95
Melilla;28;95
Albacete;228;96
Alicante/Alacant;806;96
Almeria;221;96
Araba/Alava;219;96
Asturias;905;96
Avila;204;96
Badajoz;333;96
Balears Illes;498;96
Barcelona;3461;96
Bizkaia;857;96
Burgos;418;96
Caceres;311;96
Cadiz;352;96
Cantabria;468;96
Castellon/Castello;314;96
CiudadReal;327;96
Cordoba;432;96
CoruaA;892;96
Cuenca;187;96
Gipuzkoa;500;96
Girona;449;96
Granada;382;96
Guadalajara;223;96
Huelva;182;96
Huesca;240;96
Jaen;309;96
Leon;590;96
Lleida;338;96
Lugo;445;96
Madrid;4085;96
Malaga;619;96
Murcia;510;96
Navarra;497;96
Ourense;460;96
Palencia;213;96
PalmasLas;350;96
Pontevedra;735;96
Rioja La;273;96
Salamanca;462;96
Santa Cruz de Tenerife;427;96
Segovia;203;96
Sevilla;656;96
Soria;161;96
Tarragona;493;96
Teruel;159;96
Toledo;496;96
Valencia/Valencia;1297;96
Valladolid;443;96
Zamora;275;96
Zaragoza;783;96
Ceuta;21;96
Melilla;15;96
Albacete;162;97
Alicante/Alacant;602;97
Almeria;145;97
Araba/Alava;136;97
Asturias;630;97
Avila;142;97
Badajoz;211;97
Balears Illes;357;97
Barcelona;2428;97
Bizkaia;607;97
Burgos;298;97
Caceres;223;97
Cadiz;246;97
Cantabria;316;97
Castellon/Castello;212;97
CiudadReal;217;97
Cordoba;291;97
CoruaA;616;97
Cuenca;127;97
Gipuzkoa;359;97
Girona;332;97
Granada;298;97
Guadalajara;141;97
Huelva;116;97
Huesca;159;97
Jaen;211;97
Leon;423;97
Lleida;217;97
Lugo;300;97
Madrid;2984;97
Malaga;447;97
Murcia;360;97
Navarra;369;97
Ourense;336;97
Palencia;117;97
PalmasLas;250;97
Pontevedra;497;97
Rioja La;200;97
Salamanca;345;97
Santa Cruz de Tenerife;314;97
Segovia;136;97
Sevilla;459;97
Soria;97;97
Tarragona;375;97
Teruel;112;97
Toledo;369;97
Valencia/Valencia;897;97
Valladolid;313;97
Zamora;187;97
Zaragoza;574;97
Ceuta;12;97
Melilla;16;97
Albacete;95;98
Alicante/Alacant;410;98
Almeria;100;98
Araba/Alava;98;98
Asturias;412;98
Avila;98;98
Badajoz;131;98
Balears Illes;251;98
Barcelona;1626;98
Bizkaia;384;98
Burgos;201;98
Caceres;150;98
Cadiz;152;98
Cantabria;223;98
Castellon/Castello;135;98
CiudadReal;145;98
Cordoba;186;98
CoruaA;439;98
Cuenca;78;98
Gipuzkoa;243;98
Girona;222;98
Granada;209;98
Guadalajara;99;98
Huelva;89;98
Huesca;116;98
Jaen;147;98
Leon;275;98
Lleida;153;98
Lugo;208;98
Madrid;2051;98
Malaga;316;98
Murcia;213;98
Navarra;241;98
Ourense;216;98
Palencia;84;98
PalmasLas;181;98
Pontevedra;349;98
Rioja La;132;98
Salamanca;240;98
Santa Cruz de Tenerife;242;98
Segovia;82;98
Sevilla;295;98
Soria;70;98
Tarragona;276;98
Teruel;84;98
Toledo;257;98
Valencia/Valencia;593;98
Valladolid;200;98
Zamora;113;98
Zaragoza;390;98
Ceuta;12;98
Melilla;18;98
Albacete;63;99
Alicante/Alacant;270;99
Almeria;69;99
Araba/Alava;76;99
Asturias;277;99
Avila;55;99
Badajoz;96;99
Balears Illes;174;99
Barcelona;1098;99
Bizkaia;232;99
Burgos;121;99
Caceres;92;99
Cadiz;95;99
Cantabria;151;99
Castellon/Castello;88;99
CiudadReal;89;99
Cordoba;129;99
CoruaA;303;99
Cuenca;51;99
Gipuzkoa;145;99
Girona;144;99
Granada;126;99
Guadalajara;59;99
Huelva;73;99
Huesca;83;99
Jaen;91;99
Leon;170;99
Lleida;120;99
Lugo;155;99
Madrid;1419;99
Malaga;228;99
Murcia;140;99
Navarra;158;99
Ourense;140;99
Palencia;56;99
PalmasLas;141;99
Pontevedra;244;99
Rioja La;92;99
Salamanca;142;99
Santa Cruz de Tenerife;179;99
Segovia;52;99
Sevilla;222;99
Soria;50;99
Tarragona;181;99
Teruel;62;99
Toledo;144;99
Valencia/Valencia;411;99
Valladolid;124;99
Zamora;77;99
Zaragoza;244;99
Ceuta;12;99
Melilla;11;99
Albacete;96;100
Alicante/Alacant;343;100
Almeria;97;100
Araba/Alava;102;100
Asturias;356;100
Avila;84;100
Badajoz;146;100
Balears Illes;190;100
Barcelona;1364;100
Bizkaia;296;100
Burgos;154;100
Caceres;128;100
Cadiz;144;100
Cantabria;210;100
Castellon/Castello;132;100
CiudadReal;130;100
Cordoba;162;100
CoruaA;366;100
Cuenca;65;100
Gipuzkoa;175;100
Girona;218;100
Granada;187;100
Guadalajara;64;100
Huelva;95;100
Huesca;118;100
Jaen;91;100
Leon;258;100
Lleida;131;100
Lugo;223;100
Madrid;1848;100
Malaga;314;100
Murcia;178;100
Navarra;191;100
Ourense;230;100
Palencia;77;100
PalmasLas;211;100
Pontevedra;350;100
Rioja La;108;100
Salamanca;202;100
Santa Cruz de Tenerife;245;100
Segovia;79;100
Sevilla;325;100
Soria;86;100
Tarragona;212;100
Teruel;85;100
Toledo;207;100
Valencia/Valencia;554;100
Valladolid;162;100
Zamora;111;100
Zaragoza;314;100
Ceuta;14;100
Melilla;18;100